{"moveDist":1.2170155048370362,"moveAngle":0.9706555604934692,"moveLocX":0.6873200535774231,"moveLocY":1.0043494701385499,"widthScalar":1.1639328002929688,"heightScalar":0.8408992290496826,"warmUpDuration":0.13782137632369996,"executionDuration":0.3021649420261383,"coolDownDuration":0.38379284739494326,"damageFactor":0.5534421801567078,"damageGiven":5.45591402053833,"knockbackScalar":11.432287216186524,"knockbackModX":0.35000261664390566,"knockbackModY":-0.3386567234992981,"hitstunDuration":0.1930934637784958,"spriteIndex":23}