{"moveDist":1.1812421083450318,"moveAngle":0.7638915777206421,"moveLocX":0.8530334830284119,"moveLocY":0.8171088695526123,"widthScalar":1.1915209293365479,"heightScalar":1.3903846740722657,"warmUpDuration":0.14309634268283845,"executionDuration":0.3042270243167877,"coolDownDuration":0.14570650458335877,"damageFactor":4.104360580444336,"damageGiven":7.434008598327637,"knockbackScalar":2.0862088203430177,"knockbackModX":0.005164500325918198,"knockbackModY":-0.5443593859672546,"hitstunDuration":0.24345339834690095,"spriteIndex":219}