{"moveDist":0.8482316732406616,"moveAngle":5.951019763946533,"moveLocX":0.8018659353256226,"moveLocY":-0.2766006886959076,"widthScalar":0.8866384625434876,"heightScalar":0.5373841524124146,"warmUpDuration":0.27429720759391787,"executionDuration":0.3585726320743561,"coolDownDuration":0.42845264077186587,"damageFactor":2.6886372566223146,"damageGiven":7.853511333465576,"knockbackScalar":6.4279398918151859,"knockbackModX":-0.6658356785774231,"knockbackModY":0.03412771224975586,"hitstunDuration":0.9770321846008301,"spriteIndex":82}