{"moveDist":1.4639177322387696,"moveAngle":3.4380271434783937,"moveLocX":-1.400067687034607,"moveLocY":-0.4276280701160431,"widthScalar":1.4433238506317139,"heightScalar":1.2164032459259034,"warmUpDuration":0.4739404320716858,"executionDuration":0.3131095767021179,"coolDownDuration":0.448408305644989,"damageFactor":0.029848240315914155,"damageGiven":5.036876201629639,"knockbackScalar":7.766249656677246,"knockbackModX":0.06210927665233612,"knockbackModY":0.7253909111022949,"hitstunDuration":0.3331765830516815,"spriteIndex":202}