{"playerName":"Player 1","jumpKey":0,"leftKey":0,"rightKey":0,"attackKey":0,"stocks":3,"groundAccelerationFactor":0.08113652467727661,"groundAcceleration":0.4085448980331421,"airAccelerationFactor":0.07228973507881165,"airAcceleration":0.6799888610839844,"maxGroundSpeed":5.035277366638184,"maxAirSpeed":9.406436920166016,"totalJumpForce":0.0,"jumpRatio":0.0,"groundJumpForce":2.0183205604553224,"airJumpForce":1.0808244943618775,"mass":1.500282883644104,"drag":1.8355989456176758,"widthScalar":0.9524456262588501,"heightScalar":0.9261579513549805,"gravityScalar":1.239867925643921,"hitstunDamageScalar":0.20922672748565675,"spriteIndex":5}