{"playerName":"Player 2","jumpKey":0,"leftKey":0,"rightKey":0,"attackKey":0,"stocks":3,"groundAccelerationFactor":0.3915923237800598,"groundAcceleration":2.856637954711914,"airAccelerationFactor":0.18866290152072907,"airAcceleration":1.2452197074890137,"maxGroundSpeed":7.294928550720215,"maxAirSpeed":6.600236415863037,"totalJumpForce":0.0,"jumpRatio":0.0,"groundJumpForce":1.7441867589950562,"airJumpForce":3.7688369750976564,"mass":1.418765664100647,"drag":3.268359422683716,"widthScalar":1.3988808393478394,"heightScalar":1.2222044467926026,"gravityScalar":0.5452622175216675,"hitstunDamageScalar":0.10862566530704498,"spriteIndex":36}