{"gameID":5,"generationNum":1,"totalDamageP1":32.86708450317383,"totalRecoveryStateTransitionP1":465.0,"totalHitsReceivedP1":4.0,"remainingStocksP1":0.0,"totalDamageP2":7.194579124450684,"totalRecoveryStateTransitionP2":965.0,"totalHitsReceivedP2":1.0,"remainingStocksP2":0.0,"totalGameLength":19.812774658203126,"fitness":-15.748309135437012,"loser":"Player 1","round":2}