{"gameID":5,"generationNum":1,"totalDamageP1":32.86708450317383,"totalRecoveryStateTransitionP1":856.0,"totalHitsReceivedP1":4.0,"remainingStocksP1":0.0,"totalDamageP2":21.583736419677736,"totalRecoveryStateTransitionP2":1268.0,"totalHitsReceivedP2":3.0,"remainingStocksP2":0.0,"totalGameLength":39.245330810546878,"fitness":8.562078475952149,"loser":"Player 1","round":0}