{"moveDist":1.4680888652801514,"moveAngle":2.4869678020477297,"moveLocX":-1.1646002531051636,"moveLocY":0.8938630819320679,"widthScalar":0.7613650560379028,"heightScalar":0.5404472947120667,"warmUpDuration":0.25885626673698428,"executionDuration":0.16395090520381928,"coolDownDuration":0.18960683047771455,"damageFactor":3.927298069000244,"damageGiven":7.405132293701172,"knockbackScalar":12.047431945800782,"knockbackModX":0.05917833745479584,"knockbackModY":-0.025517862290143968,"hitstunDuration":0.4762110412120819,"spriteIndex":74}