{"playerName":"Player 2","jumpKey":0,"leftKey":0,"rightKey":0,"attackKey":0,"stocks":3,"groundAccelerationFactor":0.7452902793884277,"groundAcceleration":3.324791431427002,"airAccelerationFactor":0.11167290061712265,"airAcceleration":0.8962069153785706,"maxGroundSpeed":4.461069107055664,"maxAirSpeed":8.025285720825196,"totalJumpForce":12.720166206359864,"jumpRatio":0.7342191934585571,"groundJumpForce":9.33938980102539,"airJumpForce":3.3807759284973146,"mass":1.0682491064071656,"drag":1.752443790435791,"widthScalar":1.4247350692749024,"heightScalar":0.6279064416885376,"gravityScalar":1.2359380722045899,"hitstunDamageScalar":0.21719719469547273,"spriteIndex":7}