{"playerName":"Player 1","jumpKey":0,"leftKey":0,"rightKey":0,"attackKey":0,"stocks":3,"groundAccelerationFactor":0.9597578048706055,"groundAcceleration":4.0468430519104,"airAccelerationFactor":0.22889910638332368,"airAcceleration":2.0152223110198976,"maxGroundSpeed":4.216525077819824,"maxAirSpeed":8.803976058959961,"totalJumpForce":14.22453498840332,"jumpRatio":0.7000729441642761,"groundJumpForce":9.958211898803711,"airJumpForce":4.266323089599609,"mass":2.466198444366455,"drag":1.978644609451294,"widthScalar":1.2989360094070435,"heightScalar":1.2598538398742676,"gravityScalar":0.4234601557254791,"hitstunDamageScalar":0.2640109658241272,"spriteIndex":35}