{"moveDist":1.0803723335266114,"moveAngle":3.319847583770752,"moveLocX":-1.063253402709961,"moveLocY":-0.1915634274482727,"widthScalar":1.3823281526565552,"heightScalar":1.4595978260040284,"warmUpDuration":0.3126603066921234,"executionDuration":0.3960142135620117,"coolDownDuration":0.4985712170600891,"damageFactor":8.478195190429688,"damageGiven":15.235264778137207,"knockbackScalar":1.6284234523773194,"knockbackModX":0.3663828372955322,"knockbackModY":-0.5886845588684082,"hitstunDuration":0.8492761254310608,"spriteIndex":85}