{"moveDist":0.9865648746490479,"moveAngle":4.536288738250732,"moveLocX":-0.1728377640247345,"moveLocY":-0.9713070392608643,"widthScalar":1.0535564422607422,"heightScalar":0.7344789505004883,"warmUpDuration":0.5439538359642029,"executionDuration":0.12417764216661453,"coolDownDuration":0.313626229763031,"damageFactor":4.818845272064209,"damageGiven":9.730938911437989,"knockbackScalar":1.7546941041946412,"knockbackModX":-0.9656069874763489,"knockbackModY":-0.14852845668792725,"hitstunDuration":0.7475582361221314,"spriteIndex":118}