{"playerName":"Player 1","jumpKey":0,"leftKey":0,"rightKey":0,"attackKey":0,"stocks":3,"groundAccelerationFactor":0.6984218955039978,"groundAcceleration":1.8983509540557862,"airAccelerationFactor":0.9165419340133667,"airAcceleration":7.798618316650391,"maxGroundSpeed":2.718057632446289,"maxAirSpeed":8.50874137878418,"totalJumpForce":0.0,"jumpRatio":0.0,"groundJumpForce":13.84382152557373,"airJumpForce":6.398930072784424,"mass":1.4941842555999756,"drag":5.103678226470947,"widthScalar":0.9176663160324097,"heightScalar":0.8327836990356445,"gravityScalar":1.2266311645507813,"hitstunDamageScalar":0.2965978980064392,"spriteIndex":13}