{"moveDist":1.107564926147461,"moveAngle":3.5871617794036867,"moveLocX":-0.999428391456604,"moveLocY":-0.47732892632484438,"widthScalar":0.7184192538261414,"heightScalar":1.1051948070526124,"warmUpDuration":0.18382588028907777,"executionDuration":0.2742988169193268,"coolDownDuration":0.17073434591293336,"damageFactor":2.702224016189575,"damageGiven":6.699317932128906,"knockbackScalar":13.162589073181153,"knockbackModX":0.9567909240722656,"knockbackModY":-0.5920119285583496,"hitstunDuration":0.20117011666297913,"spriteIndex":52}