{"moveDist":0.9320715665817261,"moveAngle":3.1798341274261476,"moveLocX":-0.931390106678009,"moveLocY":-0.03563510626554489,"widthScalar":0.6131300330162048,"heightScalar":0.791510820388794,"warmUpDuration":0.5633450150489807,"executionDuration":0.15136319398880006,"coolDownDuration":0.3112329840660095,"damageFactor":9.97254753112793,"damageGiven":15.231246948242188,"knockbackScalar":15.369034767150879,"knockbackModX":0.0542127750813961,"knockbackModY":-0.08381900936365128,"hitstunDuration":0.1664382368326187,"spriteIndex":202}