{"playerName":"Player 1","jumpKey":0,"leftKey":0,"rightKey":0,"attackKey":0,"stocks":3,"groundAccelerationFactor":0.3196851313114166,"groundAcceleration":1.5359513759613038,"airAccelerationFactor":0.9569271802902222,"airAcceleration":4.860231876373291,"maxGroundSpeed":4.804575443267822,"maxAirSpeed":5.078998565673828,"totalJumpForce":0.0,"jumpRatio":0.0,"groundJumpForce":14.52864933013916,"airJumpForce":1.2189476490020753,"mass":0.5268244743347168,"drag":4.46763801574707,"widthScalar":1.1064188480377198,"heightScalar":1.3134920597076417,"gravityScalar":0.6498855352401733,"hitstunDamageScalar":0.20835576951503755,"spriteIndex":4}