{"playerName":"Player 2","jumpKey":0,"leftKey":0,"rightKey":0,"attackKey":0,"stocks":3,"groundAccelerationFactor":0.011346083134412766,"groundAcceleration":0.08059170842170716,"airAccelerationFactor":0.3876575529575348,"airAcceleration":3.0419130325317385,"maxGroundSpeed":7.1030426025390629,"maxAirSpeed":7.846907615661621,"totalJumpForce":0.0,"jumpRatio":0.0,"groundJumpForce":3.462433099746704,"airJumpForce":5.683616638183594,"mass":2.1010122299194338,"drag":5.335450172424316,"widthScalar":1.3163872957229615,"heightScalar":0.9546205997467041,"gravityScalar":0.7761968374252319,"hitstunDamageScalar":0.16100646555423737,"spriteIndex":44}