{"moveDist":1.1605523824691773,"moveAngle":3.626038074493408,"moveLocX":-1.027011513710022,"moveLocY":-0.5404897332191467,"widthScalar":0.5687358379364014,"heightScalar":0.6403019428253174,"warmUpDuration":0.34840261936187746,"executionDuration":0.22374004125595094,"coolDownDuration":0.5488772988319397,"damageFactor":3.443619728088379,"damageGiven":8.860366821289063,"knockbackScalar":12.692790031433106,"knockbackModX":0.011525060050189495,"knockbackModY":-0.7733694314956665,"hitstunDuration":0.8492761254310608,"spriteIndex":126}