{"moveDist":1.137588620185852,"moveAngle":5.710154056549072,"moveLocX":0.9558717608451843,"moveLocY":-0.6167795658111572,"widthScalar":0.8195177316665649,"heightScalar":0.5016855001449585,"warmUpDuration":0.5799515843391419,"executionDuration":0.28384485840797427,"coolDownDuration":0.4357128441333771,"damageFactor":6.154709339141846,"damageGiven":12.998102188110352,"knockbackScalar":4.276941776275635,"knockbackModX":-0.9656069874763489,"knockbackModY":-0.14852845668792725,"hitstunDuration":0.41060179471969607,"spriteIndex":214}