{"playerName":"Player 1","jumpKey":0,"leftKey":0,"rightKey":0,"attackKey":0,"stocks":3,"groundAccelerationFactor":0.7659777998924255,"groundAcceleration":3.1187455654144289,"airAccelerationFactor":0.6682240962982178,"airAcceleration":6.657742977142334,"maxGroundSpeed":4.071587562561035,"maxAirSpeed":9.963338851928711,"totalJumpForce":0.0,"jumpRatio":0.0,"groundJumpForce":9.584362030029297,"airJumpForce":6.398930072784424,"mass":1.4941842555999756,"drag":5.103678226470947,"widthScalar":0.9176663160324097,"heightScalar":0.8327836990356445,"gravityScalar":0.8645550608634949,"hitstunDamageScalar":0.2965978980064392,"spriteIndex":14}