{"playerName":"Player 2","jumpKey":0,"leftKey":0,"rightKey":0,"attackKey":0,"stocks":3,"groundAccelerationFactor":0.9514544010162354,"groundAcceleration":2.092153310775757,"airAccelerationFactor":0.37458091974258425,"airAcceleration":1.0695821046829224,"maxGroundSpeed":2.1989002227783205,"maxAirSpeed":2.855410099029541,"totalJumpForce":0.0,"jumpRatio":0.0,"groundJumpForce":7.6340155601501469,"airJumpForce":8.086822509765625,"mass":1.9664584398269654,"drag":1.9451255798339844,"widthScalar":0.9590671062469482,"heightScalar":1.3244359493255616,"gravityScalar":0.38511353731155398,"hitstunDamageScalar":0.20192399621009828,"spriteIndex":37}