{"moveDist":1.3481950759887696,"moveAngle":0.25277772545814516,"moveLocX":1.3053514957427979,"moveLocY":0.33717602491378786,"widthScalar":0.7052381038665772,"heightScalar":1.1527782678604127,"warmUpDuration":0.571835458278656,"executionDuration":0.3595336973667145,"coolDownDuration":0.19330370426177979,"damageFactor":7.850488662719727,"damageGiven":13.829231262207032,"knockbackScalar":13.608388900756836,"knockbackModX":0.3149081766605377,"knockbackModY":-0.5827888250350952,"hitstunDuration":0.062007591128349307,"spriteIndex":24}