{"moveDist":1.3372750282287598,"moveAngle":5.576147079467773,"moveLocX":1.0167156457901,"moveLocY":-0.86867356300354,"widthScalar":1.3132688999176026,"heightScalar":0.7587023973464966,"warmUpDuration":0.42584601044654848,"executionDuration":0.397906631231308,"coolDownDuration":0.5550005435943604,"damageFactor":0.07696090638637543,"damageGiven":5.106110095977783,"knockbackScalar":15.453673362731934,"knockbackModX":0.9792855381965637,"knockbackModY":0.7019864320755005,"hitstunDuration":0.12725214660167695,"spriteIndex":169}