{"playerName":"Player 1","jumpKey":0,"leftKey":0,"rightKey":0,"attackKey":0,"stocks":3,"groundAccelerationFactor":0.9977678060531616,"groundAcceleration":5.847383499145508,"airAccelerationFactor":0.9575602412223816,"airAcceleration":9.095726013183594,"maxGroundSpeed":5.860465049743652,"maxAirSpeed":9.498855590820313,"totalJumpForce":0.0,"jumpRatio":0.0,"groundJumpForce":13.322051048278809,"airJumpForce":3.4551503658294679,"mass":0.916007936000824,"drag":3.2152278423309328,"widthScalar":1.3207685947418213,"heightScalar":0.5105419158935547,"gravityScalar":1.122330904006958,"hitstunDamageScalar":0.2238592952489853,"spriteIndex":65}