{"playerName":"Player 2","jumpKey":0,"leftKey":0,"rightKey":0,"attackKey":0,"stocks":3,"groundAccelerationFactor":0.8424027562141419,"groundAcceleration":4.984559535980225,"airAccelerationFactor":0.26494109630584719,"airAcceleration":1.9676926136016846,"maxGroundSpeed":5.917074203491211,"maxAirSpeed":7.426906108856201,"totalJumpForce":0.0,"jumpRatio":0.0,"groundJumpForce":13.585378646850586,"airJumpForce":5.588207244873047,"mass":0.9649196267127991,"drag":2.783734083175659,"widthScalar":1.4308879375457764,"heightScalar":1.356793761253357,"gravityScalar":1.102055311203003,"hitstunDamageScalar":0.2729206085205078,"spriteIndex":4}