{"moveDist":0.9284671545028687,"moveAngle":4.791629791259766,"moveLocX":0.0734955221414566,"moveLocY":-0.9255537390708923,"widthScalar":1.229960560798645,"heightScalar":0.5404472947120667,"warmUpDuration":0.5715439915657044,"executionDuration":0.3209236264228821,"coolDownDuration":0.5276750326156616,"damageFactor":2.5237460136413576,"damageGiven":8.58407974243164,"knockbackScalar":4.135080814361572,"knockbackModX":0.2918274998664856,"knockbackModY":-0.6888449192047119,"hitstunDuration":0.7636470794677734,"spriteIndex":121}