{"moveDist":1.2742478847503663,"moveAngle":3.761598587036133,"moveLocX":-1.0370784997940064,"moveLocY":-0.7403889298439026,"widthScalar":0.7283124327659607,"heightScalar":0.9135700464248657,"warmUpDuration":0.4907299876213074,"executionDuration":0.30397751927375796,"coolDownDuration":0.3198632001876831,"damageFactor":2.99487566947937,"damageGiven":8.338000297546387,"knockbackScalar":15.483296394348145,"knockbackModX":0.9440973401069641,"knockbackModY":-0.012855589389801026,"hitstunDuration":0.6519399285316467,"spriteIndex":202}