{"playerName":"Player 1","jumpKey":0,"leftKey":0,"rightKey":0,"attackKey":0,"stocks":3,"groundAccelerationFactor":0.7340614199638367,"groundAcceleration":3.7171225547790529,"airAccelerationFactor":0.35554513335227969,"airAcceleration":1.6236258745193482,"maxGroundSpeed":5.063776016235352,"maxAirSpeed":4.566581726074219,"totalJumpForce":11.449359893798829,"jumpRatio":0.2544569969177246,"groundJumpForce":2.913369655609131,"airJumpForce":8.535989761352539,"mass":0.5104769468307495,"drag":4.917202949523926,"widthScalar":0.8507747650146484,"heightScalar":0.5150414705276489,"gravityScalar":0.5124748945236206,"hitstunDamageScalar":0.153079554438591,"spriteIndex":52}