{"playerName":"Player 2","jumpKey":0,"leftKey":0,"rightKey":0,"attackKey":0,"stocks":3,"groundAccelerationFactor":0.9047468304634094,"groundAcceleration":8.596837997436524,"airAccelerationFactor":0.8058486580848694,"airAcceleration":7.686845302581787,"maxGroundSpeed":9.50192642211914,"maxAirSpeed":9.538820266723633,"totalJumpForce":14.008110046386719,"jumpRatio":0.8219246864318848,"groundJumpForce":11.513611793518067,"airJumpForce":2.4944984912872316,"mass":2.260209560394287,"drag":2.604621410369873,"widthScalar":1.4200490713119507,"heightScalar":1.3253265619277955,"gravityScalar":0.6496024131774902,"hitstunDamageScalar":0.22173872590065003,"spriteIndex":69}