{"evolutionResults":[{"generationNumber":1,"topFitness":5.869264602661133,"averageFitness":-9.643190383911133,"averageTopFitness":-3.705125331878662}]}