{"moveDist":1.1149089336395264,"moveAngle":1.7123839855194092,"moveLocX":-0.1573304533958435,"moveLocY":1.1037522554397584,"widthScalar":0.847960352897644,"heightScalar":0.7622203230857849,"warmUpDuration":0.3199802041053772,"executionDuration":0.3622839152812958,"coolDownDuration":0.5224885940551758,"damageFactor":9.976115226745606,"damageGiven":17.01875114440918,"knockbackScalar":7.486529350280762,"knockbackModX":-0.8537749648094177,"knockbackModY":-0.31783366203308108,"hitstunDuration":0.4382508397102356,"spriteIndex":193}