{"moveDist":1.0034805536270142,"moveAngle":2.431405544281006,"moveLocX":-0.7608790397644043,"moveLocY":0.6542448401451111,"widthScalar":1.4533952474594117,"heightScalar":0.7344789505004883,"warmUpDuration":0.5115422606468201,"executionDuration":0.32156920433044436,"coolDownDuration":0.3880141079425812,"damageFactor":3.9572761058807375,"damageGiven":9.832330703735352,"knockbackScalar":6.1598124504089359,"knockbackModX":0.23349350690841676,"knockbackModY":-0.7115761041641235,"hitstunDuration":0.7263658046722412,"spriteIndex":168}