{"playerName":"Player 1","jumpKey":0,"leftKey":0,"rightKey":0,"attackKey":0,"stocks":3,"groundAccelerationFactor":0.7061758041381836,"groundAcceleration":2.411104440689087,"airAccelerationFactor":0.46500423550605776,"airAcceleration":1.378048062324524,"maxGroundSpeed":3.4143118858337404,"maxAirSpeed":2.963517189025879,"totalJumpForce":0.0,"jumpRatio":0.0,"groundJumpForce":9.514639854431153,"airJumpForce":1.558548927307129,"mass":1.6960198879241944,"drag":4.588283538818359,"widthScalar":0.7780611515045166,"heightScalar":1.1397826671600342,"gravityScalar":0.5501426458358765,"hitstunDamageScalar":0.12069994956254959,"spriteIndex":16}