{"playerName":"Player 2","jumpKey":0,"leftKey":0,"rightKey":0,"attackKey":0,"stocks":3,"groundAccelerationFactor":0.7110556364059448,"groundAcceleration":1.8757920265197755,"airAccelerationFactor":0.4141319692134857,"airAcceleration":1.603688359260559,"maxGroundSpeed":2.638038396835327,"maxAirSpeed":3.872408866882324,"totalJumpForce":0.0,"jumpRatio":0.0,"groundJumpForce":5.539237022399902,"airJumpForce":5.616816520690918,"mass":0.6740694642066956,"drag":5.463452339172363,"widthScalar":1.2663334608078004,"heightScalar":0.7425765991210938,"gravityScalar":0.49495747685432436,"hitstunDamageScalar":0.20204979181289674,"spriteIndex":31}