{"moveDist":1.094874620437622,"moveAngle":0.7333144545555115,"moveLocX":0.8134480118751526,"moveLocY":0.7328388094902039,"widthScalar":1.4455190896987916,"heightScalar":1.4874544143676758,"warmUpDuration":0.14177149534225465,"executionDuration":0.2960740327835083,"coolDownDuration":0.1426563560962677,"damageFactor":5.980672836303711,"damageGiven":8.471792221069336,"knockbackScalar":1.512399673461914,"knockbackModX":0.21597130596637727,"knockbackModY":-0.5580195188522339,"hitstunDuration":0.925621509552002,"spriteIndex":193}