{"playerName":"Player 1","jumpKey":0,"leftKey":0,"rightKey":0,"attackKey":0,"stocks":3,"groundAccelerationFactor":0.900704562664032,"groundAcceleration":8.421699523925782,"airAccelerationFactor":0.7028075456619263,"airAcceleration":6.089264869689941,"maxGroundSpeed":9.35012435913086,"maxAirSpeed":8.664199829101563,"totalJumpForce":8.422468185424805,"jumpRatio":0.7167021632194519,"groundJumpForce":6.036401271820068,"airJumpForce":2.3860669136047365,"mass":1.0405375957489014,"drag":4.8303093910217289,"widthScalar":0.9729970097541809,"heightScalar":0.5598829388618469,"gravityScalar":0.8706786036491394,"hitstunDamageScalar":0.29562440514564516,"spriteIndex":68}