{"playerName":"Player 2","jumpKey":0,"leftKey":0,"rightKey":0,"attackKey":0,"stocks":3,"groundAccelerationFactor":0.34812304377555849,"groundAcceleration":1.5460582971572877,"airAccelerationFactor":0.21365289390087129,"airAcceleration":1.9265986680984498,"maxGroundSpeed":4.441125869750977,"maxAirSpeed":9.017423629760743,"totalJumpForce":9.828783988952637,"jumpRatio":0.48582953214645388,"groundJumpForce":4.775113582611084,"airJumpForce":5.053670406341553,"mass":1.6083344221115113,"drag":4.485188007354736,"widthScalar":1.1944007873535157,"heightScalar":1.2782328128814698,"gravityScalar":0.7547553777694702,"hitstunDamageScalar":0.17703858017921449,"spriteIndex":68}