{"moveDist":1.1175642013549805,"moveAngle":3.319847583770752,"moveLocX":-1.0998560190200806,"moveLocY":-0.19815801084041596,"widthScalar":1.2251765727996827,"heightScalar":1.3611626625061036,"warmUpDuration":0.2373620867729187,"executionDuration":0.3974645137786865,"coolDownDuration":0.5531021356582642,"damageFactor":1.8683817386627198,"damageGiven":7.219504356384277,"knockbackScalar":12.56849193572998,"knockbackModX":0.6086122393608093,"knockbackModY":0.5798155069351196,"hitstunDuration":0.8492761254310608,"spriteIndex":56}