{"moveDist":1.1314811706542969,"moveAngle":5.7938923835754398,"moveLocX":0.9987192749977112,"moveLocY":-0.5317983031272888,"widthScalar":1.416832447052002,"heightScalar":1.1296539306640626,"warmUpDuration":0.5496366024017334,"executionDuration":0.22586163878440858,"coolDownDuration":0.10054600238800049,"damageFactor":6.144795894622803,"damageGiven":10.383112907409668,"knockbackScalar":7.628924369812012,"knockbackModX":-0.45361942052841189,"knockbackModY":-0.14852845668792725,"hitstunDuration":0.41060179471969607,"spriteIndex":221}