{"playerName":"Player 2","jumpKey":0,"leftKey":0,"rightKey":0,"attackKey":0,"stocks":3,"groundAccelerationFactor":0.2719981372356415,"groundAcceleration":2.239671468734741,"airAccelerationFactor":0.6905587315559387,"airAcceleration":3.1628451347351076,"maxGroundSpeed":8.234142303466797,"maxAirSpeed":4.580124855041504,"totalJumpForce":0.0,"jumpRatio":0.0,"groundJumpForce":11.066718101501465,"airJumpForce":10.836252212524414,"mass":0.5211779475212097,"drag":1.9451255798339844,"widthScalar":0.9590671062469482,"heightScalar":1.3244359493255616,"gravityScalar":0.38511353731155398,"hitstunDamageScalar":0.20192399621009828,"spriteIndex":64}