{"playerName":"Player 1","jumpKey":0,"leftKey":0,"rightKey":0,"attackKey":0,"stocks":3,"groundAccelerationFactor":0.04982069507241249,"groundAcceleration":0.13541552424430848,"airAccelerationFactor":0.9992626309394836,"airAcceleration":9.114316940307618,"maxGroundSpeed":2.718057632446289,"maxAirSpeed":9.121042251586914,"totalJumpForce":0.0,"jumpRatio":0.0,"groundJumpForce":8.434954643249512,"airJumpForce":7.0457763671875,"mass":1.4941842555999756,"drag":5.103678226470947,"widthScalar":0.9176663160324097,"heightScalar":0.8327836990356445,"gravityScalar":0.8645550608634949,"hitstunDamageScalar":0.2965978980064392,"spriteIndex":25}