{"gameID":48,"generationNum":1,"totalDamageP1":37.08723449707031,"totalRecoveryStateTransitionP1":0.0,"totalHitsReceivedP1":4.0,"remainingStocksP1":1.0,"totalDamageP2":178.01321411132813,"totalRecoveryStateTransitionP2":0.0,"totalHitsReceivedP2":13.0,"remainingStocksP2":0.0,"totalGameLength":52.412200927734378,"fitness":27.41744613647461,"loser":"Player 2","round":0}