{"moveDist":1.2960171699523926,"moveAngle":5.760501861572266,"moveLocX":1.122976541519165,"moveLocY":-0.6469809412956238,"widthScalar":0.6377437710762024,"heightScalar":1.2600266933441163,"warmUpDuration":0.3938695788383484,"executionDuration":0.35052773356437685,"coolDownDuration":0.5216551423072815,"damageFactor":6.866479873657227,"damageGiven":13.693324089050293,"knockbackScalar":11.858060836791993,"knockbackModX":-0.5398604273796082,"knockbackModY":-0.40679025650024416,"hitstunDuration":0.7497712969779968,"spriteIndex":174}