{"playerName":"Player 1","jumpKey":0,"leftKey":0,"rightKey":0,"attackKey":0,"stocks":3,"groundAccelerationFactor":0.1810247153043747,"groundAcceleration":1.670339584350586,"airAccelerationFactor":0.4629167914390564,"airAcceleration":3.1108016967773439,"maxGroundSpeed":9.22713565826416,"maxAirSpeed":6.720001697540283,"totalJumpForce":10.537798881530762,"jumpRatio":0.6314381957054138,"groundJumpForce":6.653968811035156,"airJumpForce":3.8838300704956056,"mass":2.4723739624023439,"drag":5.880105018615723,"widthScalar":1.3117854595184327,"heightScalar":1.4215893745422364,"gravityScalar":0.49369651079177859,"hitstunDamageScalar":0.19816245138645173,"spriteIndex":72}