{"playerName":"Player 2","jumpKey":0,"leftKey":0,"rightKey":0,"attackKey":0,"stocks":3,"groundAccelerationFactor":0.6438431739807129,"groundAcceleration":1.7014694213867188,"airAccelerationFactor":0.11447568237781525,"airAcceleration":1.0835816860198975,"maxGroundSpeed":2.642676830291748,"maxAirSpeed":9.465605735778809,"totalJumpForce":16.89334487915039,"jumpRatio":0.5526841282844544,"groundJumpForce":9.33668327331543,"airJumpForce":7.556661128997803,"mass":0.5746774077415466,"drag":2.2960190773010256,"widthScalar":1.1543651819229127,"heightScalar":0.645214855670929,"gravityScalar":0.9894247651100159,"hitstunDamageScalar":0.170369952917099,"spriteIndex":15}