{"moveDist":1.48537278175354,"moveAngle":5.002875328063965,"moveLocX":0.4254378378391266,"moveLocY":-1.4231425523757935,"widthScalar":1.216759443283081,"heightScalar":0.8559054136276245,"warmUpDuration":0.4802345633506775,"executionDuration":0.18698543310165406,"coolDownDuration":0.2531394064426422,"damageFactor":7.130965709686279,"damageGiven":11.563051223754883,"knockbackScalar":3.8314425945281984,"knockbackModX":0.6967172622680664,"knockbackModY":-0.16305571794509889,"hitstunDuration":0.5369903445243836,"spriteIndex":195}