{"moveDist":1.3397130966186524,"moveAngle":0.991031289100647,"moveLocX":0.7339314818382263,"moveLocY":1.1207923889160157,"widthScalar":1.1492986679077149,"heightScalar":0.9505531787872315,"warmUpDuration":0.5013579726219177,"executionDuration":0.3490239679813385,"coolDownDuration":0.45586857199668887,"damageFactor":8.21216869354248,"damageGiven":15.727149963378907,"knockbackScalar":8.052764892578125,"knockbackModX":-0.31025487184524538,"knockbackModY":0.21422529220581056,"hitstunDuration":0.6224707365036011,"spriteIndex":208}