{"playerName":"Player 2","jumpKey":0,"leftKey":0,"rightKey":0,"attackKey":0,"stocks":3,"groundAccelerationFactor":0.7832821607589722,"groundAcceleration":2.621760606765747,"airAccelerationFactor":0.8401471972465515,"airAcceleration":5.276028156280518,"maxGroundSpeed":3.347146987915039,"maxAirSpeed":6.279885292053223,"totalJumpForce":0.0,"jumpRatio":0.0,"groundJumpForce":1.371275782585144,"airJumpForce":7.376391887664795,"mass":1.9254770278930665,"drag":4.0778913497924809,"widthScalar":0.9557902812957764,"heightScalar":1.0435470342636109,"gravityScalar":0.9656807780265808,"hitstunDamageScalar":0.28242266178131106,"spriteIndex":12}