{"playerName":"Player 1","jumpKey":0,"leftKey":0,"rightKey":0,"attackKey":0,"stocks":3,"groundAccelerationFactor":0.029634421691298486,"groundAcceleration":0.19036248326301576,"airAccelerationFactor":0.6732020378112793,"airAcceleration":2.0101962089538576,"maxGroundSpeed":6.423695087432861,"maxAirSpeed":2.9860219955444338,"totalJumpForce":0.0,"jumpRatio":0.0,"groundJumpForce":9.865360260009766,"airJumpForce":14.294321060180664,"mass":1.569143295288086,"drag":4.880605697631836,"widthScalar":1.4149937629699708,"heightScalar":0.6126177906990051,"gravityScalar":0.5357730984687805,"hitstunDamageScalar":0.29879698157310488,"spriteIndex":62}