{"playerName":"Player 1","jumpKey":0,"leftKey":0,"rightKey":0,"attackKey":0,"stocks":3,"groundAccelerationFactor":0.7459742426872253,"groundAcceleration":3.3659329414367677,"airAccelerationFactor":0.04762008413672447,"airAcceleration":0.2709900140762329,"maxGroundSpeed":4.512130260467529,"maxAirSpeed":5.690666675567627,"totalJumpForce":0.0,"jumpRatio":0.0,"groundJumpForce":14.148492813110352,"airJumpForce":8.52344799041748,"mass":1.689299464225769,"drag":3.738490343093872,"widthScalar":0.8303865790367127,"heightScalar":1.0944538116455079,"gravityScalar":1.0617090463638306,"hitstunDamageScalar":0.14099586009979249,"spriteIndex":26}