{"moveDist":1.310823678970337,"moveAngle":2.406925916671753,"moveLocX":-0.972702145576477,"moveLocY":0.878697395324707,"widthScalar":1.0137604475021363,"heightScalar":1.2870068550109864,"warmUpDuration":0.26533153653144839,"executionDuration":0.23701590299606324,"coolDownDuration":0.15364579856395722,"damageFactor":5.381438732147217,"damageGiven":8.530187606811524,"knockbackScalar":3.1170897483825685,"knockbackModX":0.40550756454467776,"knockbackModY":0.5695396661758423,"hitstunDuration":0.7159518599510193,"spriteIndex":164}