{"playerName":"Player 2","jumpKey":0,"leftKey":0,"rightKey":0,"attackKey":0,"stocks":3,"groundAccelerationFactor":0.7452902793884277,"groundAcceleration":3.324791431427002,"airAccelerationFactor":0.3101734220981598,"airAcceleration":2.865236282348633,"maxGroundSpeed":4.461069107055664,"maxAirSpeed":9.237529754638672,"totalJumpForce":16.461103439331056,"jumpRatio":0.3895268440246582,"groundJumpForce":6.412041664123535,"airJumpForce":10.04906177520752,"mass":0.7710001468658447,"drag":1.275026798248291,"widthScalar":0.9927395582199097,"heightScalar":0.8664952516555786,"gravityScalar":1.1657747030258179,"hitstunDamageScalar":0.18621277809143067,"spriteIndex":40}