{"moveDist":1.1331918239593506,"moveAngle":4.596645832061768,"moveLocX":-0.13086654245853425,"moveLocY":-1.1256098747253419,"widthScalar":1.4962527751922608,"heightScalar":0.9898778200149536,"warmUpDuration":0.40114182233810427,"executionDuration":0.3209236264228821,"coolDownDuration":0.13828438520431519,"damageFactor":9.362997055053711,"damageGiven":13.055453300476075,"knockbackScalar":12.338356971740723,"knockbackModX":-0.04803505167365074,"knockbackModY":-0.650246262550354,"hitstunDuration":0.6707093715667725,"spriteIndex":258}