{"moveDist":1.310823678970337,"moveAngle":3.784679412841797,"moveLocX":-1.0489847660064698,"moveLocY":-0.7860596179962158,"widthScalar":0.7416120767593384,"heightScalar":0.954082190990448,"warmUpDuration":0.3164077699184418,"executionDuration":0.30397751927375796,"coolDownDuration":0.5462564826011658,"damageFactor":0.11281284689903259,"damageGiven":5.131612300872803,"knockbackScalar":5.402458667755127,"knockbackModX":0.35200968384742739,"knockbackModY":0.5695396661758423,"hitstunDuration":0.7159518599510193,"spriteIndex":261}