{"playerName":"Player 1","jumpKey":0,"leftKey":0,"rightKey":0,"attackKey":0,"stocks":3,"groundAccelerationFactor":0.19338104128837586,"groundAcceleration":1.6449761390686036,"airAccelerationFactor":0.68988037109375,"airAcceleration":6.8928704261779789,"maxGroundSpeed":8.50639820098877,"maxAirSpeed":9.991399765014649,"totalJumpForce":16.650466918945314,"jumpRatio":0.7402505278587341,"groundJumpForce":12.325516700744629,"airJumpForce":4.324950218200684,"mass":0.9388757944107056,"drag":4.94107723236084,"widthScalar":0.8481923341751099,"heightScalar":1.1357663869857789,"gravityScalar":1.231297254562378,"hitstunDamageScalar":0.256478875875473,"spriteIndex":62}