{"playerName":"Player 2","jumpKey":0,"leftKey":0,"rightKey":0,"attackKey":0,"stocks":3,"groundAccelerationFactor":0.7316504716873169,"groundAcceleration":5.877093315124512,"airAccelerationFactor":0.9176682829856873,"airAcceleration":3.1214756965637209,"maxGroundSpeed":8.032651901245118,"maxAirSpeed":3.401529550552368,"totalJumpForce":7.897078037261963,"jumpRatio":0.8219246864318848,"groundJumpForce":6.490803241729736,"airJumpForce":1.406274676322937,"mass":2.260209560394287,"drag":4.11613655090332,"widthScalar":0.8959919810295105,"heightScalar":1.270695447921753,"gravityScalar":1.2039918899536133,"hitstunDamageScalar":0.18621277809143067,"spriteIndex":83}