{"playerName":"Player 2","jumpKey":0,"leftKey":0,"rightKey":0,"attackKey":0,"stocks":3,"groundAccelerationFactor":0.9275356531143189,"groundAcceleration":3.805677652359009,"airAccelerationFactor":0.3935087323188782,"airAcceleration":1.9425095319747925,"maxGroundSpeed":4.102998733520508,"maxAirSpeed":4.936382293701172,"totalJumpForce":11.344331741333008,"jumpRatio":0.3667924702167511,"groundJumpForce":4.161015510559082,"airJumpForce":7.183316230773926,"mass":1.7753336429595948,"drag":5.716454029083252,"widthScalar":1.4508931636810303,"heightScalar":1.2506245374679566,"gravityScalar":0.6226010918617249,"hitstunDamageScalar":0.2736760973930359,"spriteIndex":38}