{"moveDist":0.816042423248291,"moveAngle":0.838709831237793,"moveLocX":0.5454615354537964,"moveLocY":0.6069571375846863,"widthScalar":1.0107345581054688,"heightScalar":0.6432685852050781,"warmUpDuration":0.20363016426563264,"executionDuration":0.15247008204460145,"coolDownDuration":0.10978501290082932,"damageFactor":5.481266975402832,"damageGiven":7.553641319274902,"knockbackScalar":12.50503921508789,"knockbackModX":0.7640318870544434,"knockbackModY":-0.5984866619110107,"hitstunDuration":0.446449875831604,"spriteIndex":44}