{"moveDist":1.1733003854751588,"moveAngle":1.8475297689437867,"moveLocX":-0.32056307792663576,"moveLocY":1.1286598443984986,"widthScalar":1.4649983644485474,"heightScalar":0.951445460319519,"warmUpDuration":0.5871608257293701,"executionDuration":0.3593519330024719,"coolDownDuration":0.4180380702018738,"damageFactor":5.421800136566162,"damageGiven":12.398322105407715,"knockbackScalar":9.551563262939454,"knockbackModX":0.29194822907447817,"knockbackModY":0.36052513122558596,"hitstunDuration":0.6958229541778565,"spriteIndex":239}