{"playerName":"Player 2","jumpKey":0,"leftKey":0,"rightKey":0,"attackKey":0,"stocks":3,"groundAccelerationFactor":0.9987951517105103,"groundAcceleration":8.630936622619629,"airAccelerationFactor":0.2896331548690796,"airAcceleration":2.217123031616211,"maxGroundSpeed":8.641347885131836,"maxAirSpeed":7.654935359954834,"totalJumpForce":0.0,"jumpRatio":0.0,"groundJumpForce":11.487907409667969,"airJumpForce":3.9430408477783205,"mass":0.7087966203689575,"drag":5.655776500701904,"widthScalar":1.3228862285614014,"heightScalar":0.5315950512886047,"gravityScalar":0.7192766070365906,"hitstunDamageScalar":0.22420701384544373,"spriteIndex":62}