{"playerName":"Player 1","jumpKey":0,"leftKey":0,"rightKey":0,"attackKey":0,"stocks":3,"groundAccelerationFactor":0.3782479166984558,"groundAcceleration":1.4925528764724732,"airAccelerationFactor":0.3406996428966522,"airAcceleration":1.3682279586791993,"maxGroundSpeed":3.9459645748138429,"maxAirSpeed":4.015935897827148,"totalJumpForce":0.0,"jumpRatio":0.0,"groundJumpForce":7.516791343688965,"airJumpForce":1.916487216949463,"mass":1.8342944383621216,"drag":3.067474126815796,"widthScalar":1.0779132843017579,"heightScalar":1.0464624166488648,"gravityScalar":1.0242021083831788,"hitstunDamageScalar":0.24789407849311829,"spriteIndex":47}