{"moveDist":1.3248027563095093,"moveAngle":4.859436511993408,"moveLocX":0.19410768151283265,"moveLocY":-1.3105055093765259,"widthScalar":1.3269857168197632,"heightScalar":0.9663413166999817,"warmUpDuration":0.33457574248313906,"executionDuration":0.2614474892616272,"coolDownDuration":0.5667173266410828,"damageFactor":8.819873809814454,"damageGiven":15.25522518157959,"knockbackScalar":10.495064735412598,"knockbackModX":0.8847959637641907,"knockbackModY":0.04829573631286621,"hitstunDuration":0.4382508397102356,"spriteIndex":14}