{"moveDist":1.0031195878982545,"moveAngle":0.1871928721666336,"moveLocX":0.9855956435203552,"moveLocY":0.1866821050643921,"widthScalar":0.696928083896637,"heightScalar":0.7344789505004883,"warmUpDuration":0.5962802171707153,"executionDuration":0.12417764216661453,"coolDownDuration":0.35108575224876406,"damageFactor":7.127050399780273,"damageGiven":12.636945724487305,"knockbackScalar":6.1598124504089359,"knockbackModX":-0.23349350690841676,"knockbackModY":-0.14684855937957765,"hitstunDuration":0.9914540648460388,"spriteIndex":151}