{"playerName":"Player 2","jumpKey":0,"leftKey":0,"rightKey":0,"attackKey":0,"stocks":3,"groundAccelerationFactor":0.6212652325630188,"groundAcceleration":1.509453535079956,"airAccelerationFactor":0.721544623374939,"airAcceleration":1.5607712268829346,"maxGroundSpeed":2.4296443462371828,"maxAirSpeed":2.163097381591797,"totalJumpForce":0.0,"jumpRatio":0.0,"groundJumpForce":8.143630981445313,"airJumpForce":5.038812637329102,"mass":2.2157480716705324,"drag":1.9451255798339844,"widthScalar":0.9590671062469482,"heightScalar":0.8638896942138672,"gravityScalar":0.6527295708656311,"hitstunDamageScalar":0.2421184480190277,"spriteIndex":76}