{"playerName":"Player 1","jumpKey":0,"leftKey":0,"rightKey":0,"attackKey":0,"stocks":3,"groundAccelerationFactor":0.9209201335906982,"groundAcceleration":2.5031139850616457,"airAccelerationFactor":0.9992626309394836,"airAcceleration":9.937520027160645,"maxGroundSpeed":2.718057632446289,"maxAirSpeed":9.944852828979493,"totalJumpForce":0.0,"jumpRatio":0.0,"groundJumpForce":8.952322006225586,"airJumpForce":7.38599157333374,"mass":2.4013853073120119,"drag":1.2215137481689454,"widthScalar":0.9342581033706665,"heightScalar":1.3443118333816529,"gravityScalar":0.5501426458358765,"hitstunDamageScalar":0.12069994956254959,"spriteIndex":5}