{"moveDist":1.1149089336395264,"moveAngle":3.319847583770752,"moveLocX":-1.097242832183838,"moveLocY":-0.19768719375133515,"widthScalar":1.3381283283233643,"heightScalar":1.4595978260040284,"warmUpDuration":0.4470166862010956,"executionDuration":0.36281365156173708,"coolDownDuration":0.23371478915214539,"damageFactor":3.5579516887664797,"damageGiven":8.712882995605469,"knockbackScalar":14.877876281738282,"knockbackModX":0.724557101726532,"knockbackModY":0.8698776960372925,"hitstunDuration":0.4324509799480438,"spriteIndex":165}