{"moveDist":1.1314811706542969,"moveAngle":5.94120454788208,"moveLocX":1.0659595727920533,"moveLocY":-0.37944653630256655,"widthScalar":0.6629653573036194,"heightScalar":1.1959327459335328,"warmUpDuration":0.24603086709976197,"executionDuration":0.20953159034252168,"coolDownDuration":0.4796214699745178,"damageFactor":1.2858152389526368,"damageGiven":6.2024736404418949,"knockbackScalar":7.628924369812012,"knockbackModX":-0.4651660621166229,"knockbackModY":-0.8114900588989258,"hitstunDuration":0.48051008582115176,"spriteIndex":94}