{"playerName":"Player 1","jumpKey":0,"leftKey":0,"rightKey":0,"attackKey":0,"stocks":3,"groundAccelerationFactor":0.7061758041381836,"groundAcceleration":1.9882423877716065,"airAccelerationFactor":0.46500423550605776,"airAcceleration":3.9580953121185304,"maxGroundSpeed":2.8155062198638918,"maxAirSpeed":8.511955261230469,"totalJumpForce":0.0,"jumpRatio":0.0,"groundJumpForce":6.673076152801514,"airJumpForce":7.271787643432617,"mass":1.084235429763794,"drag":3.9050073623657228,"widthScalar":1.253678321838379,"heightScalar":1.171465277671814,"gravityScalar":0.4521937370300293,"hitstunDamageScalar":0.17517170310020448,"spriteIndex":7}