{"playerName":"Player 2","jumpKey":0,"leftKey":0,"rightKey":0,"attackKey":0,"stocks":3,"groundAccelerationFactor":0.2719981372356415,"groundAcceleration":2.1994049549102785,"airAccelerationFactor":0.6905587315559387,"airAcceleration":2.123237133026123,"maxGroundSpeed":8.086103439331055,"maxAirSpeed":3.0746655464172365,"totalJumpForce":0.0,"jumpRatio":0.0,"groundJumpForce":3.7106966972351076,"airJumpForce":2.7795417308807375,"mass":0.5211779475212097,"drag":1.9451255798339844,"widthScalar":0.9590671062469482,"heightScalar":1.4389870166778565,"gravityScalar":0.3305620849132538,"hitstunDamageScalar":0.2998324930667877,"spriteIndex":19}