{"moveDist":1.2608163356781006,"moveAngle":1.954404354095459,"moveLocX":-0.4718840718269348,"moveLocY":1.1691806316375733,"widthScalar":0.7559163570404053,"heightScalar":1.189694881439209,"warmUpDuration":0.36897915601730349,"executionDuration":0.2829665243625641,"coolDownDuration":0.39731672406196597,"damageFactor":6.959407329559326,"damageGiven":12.302244186401368,"knockbackScalar":1.818756103515625,"knockbackModX":0.05917833745479584,"knockbackModY":-0.025517862290143968,"hitstunDuration":0.4762110412120819,"spriteIndex":58}