{"moveDist":0.920261025428772,"moveAngle":4.559309005737305,"moveLocX":-0.14032398164272309,"moveLocY":-0.9094995856285095,"widthScalar":1.4852615594863892,"heightScalar":0.5437464714050293,"warmUpDuration":0.517428994178772,"executionDuration":0.34928587079048159,"coolDownDuration":0.236729234457016,"damageFactor":3.628016471862793,"damageGiven":9.003313064575196,"knockbackScalar":4.595229148864746,"knockbackModX":0.45790761709213259,"knockbackModY":0.30205851793289187,"hitstunDuration":0.8251186013221741,"spriteIndex":53}