{"playerName":"Player 1","jumpKey":0,"leftKey":0,"rightKey":0,"attackKey":0,"stocks":3,"groundAccelerationFactor":0.99083012342453,"groundAcceleration":7.9620208740234379,"airAccelerationFactor":0.5282871127128601,"airAcceleration":4.347399711608887,"maxGroundSpeed":8.035707473754883,"maxAirSpeed":8.229236602783204,"totalJumpForce":15.523961067199707,"jumpRatio":0.21535895764827729,"groundJumpForce":3.343224048614502,"airJumpForce":12.180736541748047,"mass":1.2926430702209473,"drag":2.797776460647583,"widthScalar":1.2458652257919312,"heightScalar":0.7830931544303894,"gravityScalar":0.9868701696395874,"hitstunDamageScalar":0.2025970071554184,"spriteIndex":47}