{"playerName":"Player 2","jumpKey":0,"leftKey":0,"rightKey":0,"attackKey":0,"stocks":3,"groundAccelerationFactor":0.4769773781299591,"groundAcceleration":4.485363960266113,"airAccelerationFactor":0.37932467460632326,"airAcceleration":2.326956272125244,"maxGroundSpeed":9.403724670410157,"maxAirSpeed":6.1344709396362309,"totalJumpForce":15.210444450378418,"jumpRatio":0.714008092880249,"groundJumpForce":10.860380172729493,"airJumpForce":4.350063800811768,"mass":2.374504804611206,"drag":1.054105520248413,"widthScalar":1.2527809143066407,"heightScalar":1.3554720878601075,"gravityScalar":0.3894619047641754,"hitstunDamageScalar":0.14344510436058045,"spriteIndex":10}