{"moveDist":1.4703795909881592,"moveAngle":5.565080165863037,"moveLocX":1.1072750091552735,"moveLocY":-0.9674493670463562,"widthScalar":0.6347413659095764,"heightScalar":1.4741393327713013,"warmUpDuration":0.31007587909698489,"executionDuration":0.3912244141101837,"coolDownDuration":0.5400499701499939,"damageFactor":4.1981401443481449,"damageGiven":10.211362838745118,"knockbackScalar":1.6023616790771485,"knockbackModX":0.27067962288856509,"knockbackModY":0.5798155069351196,"hitstunDuration":0.8492761254310608,"spriteIndex":222}