{"moveDist":1.161747932434082,"moveAngle":2.267543077468872,"moveLocX":-0.7455239295959473,"moveLocY":0.8909838795661926,"widthScalar":1.3132688999176026,"heightScalar":1.18694007396698,"warmUpDuration":0.5799515843391419,"executionDuration":0.11766840517520905,"coolDownDuration":0.3125306963920593,"damageFactor":7.938138961791992,"damageGiven":13.018716812133789,"knockbackScalar":14.709199905395508,"knockbackModX":0.9656069874763489,"knockbackModY":-0.14852845668792725,"hitstunDuration":0.7281203269958496,"spriteIndex":75}