{"playerName":"Player 1","jumpKey":0,"leftKey":0,"rightKey":0,"attackKey":0,"stocks":3,"groundAccelerationFactor":0.7659777998924255,"groundAcceleration":3.785792827606201,"airAccelerationFactor":0.6682240962982178,"airAcceleration":3.1306421756744386,"maxGroundSpeed":4.942431449890137,"maxAirSpeed":4.685018539428711,"totalJumpForce":0.0,"jumpRatio":0.0,"groundJumpForce":9.578800201416016,"airJumpForce":7.809940338134766,"mass":1.084235429763794,"drag":5.103678226470947,"widthScalar":1.1905789375305176,"heightScalar":0.8327836990356445,"gravityScalar":0.8645550608634949,"hitstunDamageScalar":0.1263023167848587,"spriteIndex":77}