{"playerName":"Player 2","jumpKey":0,"leftKey":0,"rightKey":0,"attackKey":0,"stocks":3,"groundAccelerationFactor":0.2719981372356415,"groundAcceleration":1.188413143157959,"airAccelerationFactor":0.023795733228325845,"airAcceleration":0.10898742824792862,"maxGroundSpeed":4.369195938110352,"maxAirSpeed":4.580124855041504,"totalJumpForce":0.0,"jumpRatio":0.0,"groundJumpForce":5.539237022399902,"airJumpForce":6.706669330596924,"mass":1.0599091053009034,"drag":1.1714872121810914,"widthScalar":1.3391854763031006,"heightScalar":1.3916877508163453,"gravityScalar":0.45004743337631228,"hitstunDamageScalar":0.20192399621009828,"spriteIndex":76}