{"moveDist":1.4742662906646729,"moveAngle":2.773745059967041,"moveLocX":-1.375643014907837,"moveLocY":0.530157744884491,"widthScalar":0.9415169954299927,"heightScalar":1.353877305984497,"warmUpDuration":0.19598104059696198,"executionDuration":0.3006313443183899,"coolDownDuration":0.4954507052898407,"damageFactor":0.8437048196792603,"damageGiven":5.837008476257324,"knockbackScalar":12.389564514160157,"knockbackModX":0.010281668975949288,"knockbackModY":-0.2188979983329773,"hitstunDuration":0.6932671666145325,"spriteIndex":220}