{"moveDist":1.0489492416381837,"moveAngle":5.355512619018555,"moveLocX":0.6290527582168579,"moveLocY":-0.8393969535827637,"widthScalar":1.055198311805725,"heightScalar":0.5404472947120667,"warmUpDuration":0.1118842139840126,"executionDuration":0.16395090520381928,"coolDownDuration":0.3204284608364105,"damageFactor":3.927298069000244,"damageGiven":7.341704845428467,"knockbackScalar":12.047431945800782,"knockbackModX":0.757635772228241,"knockbackModY":-0.025517862290143968,"hitstunDuration":0.4762110412120819,"spriteIndex":133}