{"moveDist":1.4412394762039185,"moveAngle":6.216372013092041,"moveLocX":1.4380238056182862,"moveLocY":-0.09622232615947724,"widthScalar":1.319149374961853,"heightScalar":0.7888813614845276,"warmUpDuration":0.3349440097808838,"executionDuration":0.1970139890909195,"coolDownDuration":0.4584391415119171,"damageFactor":2.8399384021759035,"damageGiven":7.812666893005371,"knockbackScalar":6.162217140197754,"knockbackModX":0.05327685549855232,"knockbackModY":0.813751220703125,"hitstunDuration":0.9687724113464356,"spriteIndex":25}