{"moveDist":1.0187503099441529,"moveAngle":6.077188491821289,"moveLocX":0.9972114562988281,"moveLocY":-0.20837824046611787,"widthScalar":1.0137604475021363,"heightScalar":0.9414582252502441,"warmUpDuration":0.5680556893348694,"executionDuration":0.3542204797267914,"coolDownDuration":0.45226091146469118,"damageFactor":0.11281284689903259,"damageGiven":5.155065536499023,"knockbackScalar":6.680049896240234,"knockbackModX":0.1527220606803894,"knockbackModY":0.30205851793289187,"hitstunDuration":0.7794396877288818,"spriteIndex":114}