{"playerName":"Player 1","jumpKey":0,"leftKey":0,"rightKey":0,"attackKey":0,"stocks":3,"groundAccelerationFactor":0.3862723410129547,"groundAcceleration":1.0331411361694337,"airAccelerationFactor":0.5972359776496887,"airAcceleration":2.8435380458831789,"maxGroundSpeed":2.6746444702148439,"maxAirSpeed":4.761163234710693,"totalJumpForce":5.270380020141602,"jumpRatio":0.8032732009887695,"groundJumpForce":4.233554840087891,"airJumpForce":1.0368249416351319,"mass":1.6678670644760132,"drag":5.365884780883789,"widthScalar":1.3142192363739014,"heightScalar":1.3139488697052003,"gravityScalar":0.6872264742851257,"hitstunDamageScalar":0.12988196313381196,"spriteIndex":68}