{"moveDist":1.1331918239593506,"moveAngle":1.57365083694458,"moveLocX":-0.003234703093767166,"moveLocY":1.133187174797058,"widthScalar":1.4191631078720093,"heightScalar":1.1505224704742432,"warmUpDuration":0.25885626673698428,"executionDuration":0.16395090520381928,"coolDownDuration":0.18960683047771455,"damageFactor":3.927298069000244,"damageGiven":7.405132293701172,"knockbackScalar":12.047431945800782,"knockbackModX":0.05917833745479584,"knockbackModY":-0.025517862290143968,"hitstunDuration":0.4762110412120819,"spriteIndex":157}