{"moveDist":1.4742662906646729,"moveAngle":0.43932536244392397,"moveLocX":1.3342682123184205,"moveLocY":0.6270481944084168,"widthScalar":1.4713006019592286,"heightScalar":1.353877305984497,"warmUpDuration":0.19598104059696198,"executionDuration":0.3006313443183899,"coolDownDuration":0.11492622643709183,"damageFactor":2.055959939956665,"damageGiven":6.257298946380615,"knockbackScalar":11.593708992004395,"knockbackModX":0.025256257504224778,"knockbackModY":-0.2188979983329773,"hitstunDuration":0.6932671666145325,"spriteIndex":262}