{"moveDist":1.310823678970337,"moveAngle":3.761598587036133,"moveLocX":-1.0668466091156006,"moveLocY":-0.7616409659385681,"widthScalar":0.7416120767593384,"heightScalar":0.9135700464248657,"warmUpDuration":0.3164077699184418,"executionDuration":0.30397751927375796,"coolDownDuration":0.3198632001876831,"damageFactor":4.025727272033691,"damageGiven":8.785183906555176,"knockbackScalar":3.9422194957733156,"knockbackModX":0.2791368067264557,"knockbackModY":0.30205851793289187,"hitstunDuration":0.7794396877288818,"spriteIndex":252}