{"moveDist":1.0435938835144044,"moveAngle":0.049044422805309299,"moveLocX":1.0423389673233033,"moveLocY":0.05116194486618042,"widthScalar":1.060768485069275,"heightScalar":0.7783122658729553,"warmUpDuration":0.4510597288608551,"executionDuration":0.15090326964855195,"coolDownDuration":0.17546340823173524,"damageFactor":4.055175304412842,"damageGiven":8.152600288391114,"knockbackScalar":15.289529800415039,"knockbackModX":-0.7061660289764404,"knockbackModY":-0.5374614000320435,"hitstunDuration":0.9214619994163513,"spriteIndex":134}