{"playerName":"Player 2","jumpKey":0,"leftKey":0,"rightKey":0,"attackKey":0,"stocks":3,"groundAccelerationFactor":0.1417032927274704,"groundAcceleration":0.9185048341751099,"airAccelerationFactor":0.456290066242218,"airAcceleration":2.4504446983337404,"maxGroundSpeed":6.4818878173828129,"maxAirSpeed":5.370366096496582,"totalJumpForce":11.344331741333008,"jumpRatio":0.24369491636753083,"groundJumpForce":2.7645559310913088,"airJumpForce":8.5797758102417,"mass":0.8801586627960205,"drag":5.716454029083252,"widthScalar":1.4508931636810303,"heightScalar":0.8621821403503418,"gravityScalar":1.2195627689361573,"hitstunDamageScalar":0.23108240962028504,"spriteIndex":77}