{"playerName":"Player 1","jumpKey":0,"leftKey":0,"rightKey":0,"attackKey":0,"stocks":3,"groundAccelerationFactor":0.01960987038910389,"groundAcceleration":0.115728460252285,"airAccelerationFactor":0.9215481877326965,"airAcceleration":4.387641429901123,"maxGroundSpeed":5.901541233062744,"maxAirSpeed":4.761163234710693,"totalJumpForce":6.479551315307617,"jumpRatio":0.8730016350746155,"groundJumpForce":5.656659126281738,"airJumpForce":0.822892427444458,"mass":1.2705750465393067,"drag":5.365884780883789,"widthScalar":1.3142192363739014,"heightScalar":1.3139488697052003,"gravityScalar":0.6091117858886719,"hitstunDamageScalar":0.12988196313381196,"spriteIndex":20}