{"playerName":"Player 1","jumpKey":0,"leftKey":0,"rightKey":0,"attackKey":0,"stocks":3,"groundAccelerationFactor":0.7394918203353882,"groundAcceleration":6.290411949157715,"airAccelerationFactor":0.40567898750305178,"airAcceleration":1.8525662422180176,"maxGroundSpeed":8.50639820098877,"maxAirSpeed":4.566581726074219,"totalJumpForce":9.559518814086914,"jumpRatio":0.263278603553772,"groundJumpForce":2.5168168544769289,"airJumpForce":7.0427021980285648,"mass":1.962019681930542,"drag":2.797776460647583,"widthScalar":1.2458652257919312,"heightScalar":0.594228982925415,"gravityScalar":0.9868701696395874,"hitstunDamageScalar":0.2025970071554184,"spriteIndex":47}