{"gameID":3,"generationNum":1,"totalDamageP1":6.406623840332031,"totalRecoveryStateTransitionP1":409.0,"totalHitsReceivedP1":1.0,"remainingStocksP1":2.0,"totalDamageP2":51.445640563964847,"totalRecoveryStateTransitionP2":53.0,"totalHitsReceivedP2":4.0,"remainingStocksP2":0.0,"totalGameLength":24.040008544921876,"fitness":-11.678667068481446,"loser":"Player 2","round":2}