{"gameID":3,"generationNum":1,"totalDamageP1":12.813247680664063,"totalRecoveryStateTransitionP1":1066.0,"totalHitsReceivedP1":2.0,"remainingStocksP1":0.0,"totalDamageP2":25.722820281982423,"totalRecoveryStateTransitionP2":167.0,"totalHitsReceivedP2":2.0,"remainingStocksP2":1.0,"totalGameLength":17.4559326171875,"fitness":-17.98141860961914,"loser":"Player 1","round":1}