{"moveDist":0.8148891925811768,"moveAngle":3.982628345489502,"moveLocX":-0.5432794690132141,"moveLocY":-0.6073646545410156,"widthScalar":1.4255379438400269,"heightScalar":1.0111815929412842,"warmUpDuration":0.4952741861343384,"executionDuration":0.18522077798843385,"coolDownDuration":0.40029269456863406,"damageFactor":5.318165302276611,"damageGiven":10.747807502746582,"knockbackScalar":14.526105880737305,"knockbackModX":0.9909394383430481,"knockbackModY":0.020836234092712404,"hitstunDuration":0.9006032943725586,"spriteIndex":83}