{"moveDist":0.8851959705352783,"moveAngle":1.0204968452453614,"moveLocX":0.4629066288471222,"moveLocY":0.7545126676559448,"widthScalar":0.5253147482872009,"heightScalar":1.0830230712890626,"warmUpDuration":0.4470166862010956,"executionDuration":0.36281365156173708,"coolDownDuration":0.5488772988319397,"damageFactor":7.90187406539917,"damageGiven":15.736336708068848,"knockbackScalar":10.495064735412598,"knockbackModX":0.8847959637641907,"knockbackModY":0.04829573631286621,"hitstunDuration":0.4382508397102356,"spriteIndex":14}