{"moveDist":0.9107027649879456,"moveAngle":1.4347686767578126,"moveLocX":0.1234990730881691,"moveLocY":0.9022901058197022,"widthScalar":0.887910008430481,"heightScalar":1.3330903053283692,"warmUpDuration":0.3061138689517975,"executionDuration":0.2472514510154724,"coolDownDuration":0.19752398133277894,"damageFactor":2.592630624771118,"damageGiven":6.946778774261475,"knockbackScalar":6.1598124504089359,"knockbackModX":-0.23349350690841676,"knockbackModY":-0.14684855937957765,"hitstunDuration":0.9914540648460388,"spriteIndex":100}