{"playerName":"Player 2","jumpKey":0,"leftKey":0,"rightKey":0,"attackKey":0,"stocks":3,"groundAccelerationFactor":0.9514544010162354,"groundAcceleration":9.408146858215332,"airAccelerationFactor":0.2867189347743988,"airAcceleration":0.6202009916305542,"maxGroundSpeed":9.888174057006836,"maxAirSpeed":2.163097381591797,"totalJumpForce":0.0,"jumpRatio":0.0,"groundJumpForce":8.488823890686036,"airJumpForce":4.179207801818848,"mass":1.2883857488632203,"drag":2.3724350929260256,"widthScalar":0.9590671062469482,"heightScalar":0.8638896942138672,"gravityScalar":0.6527295708656311,"hitstunDamageScalar":0.2421184480190277,"spriteIndex":13}