{"playerName":"Player 1","jumpKey":0,"leftKey":0,"rightKey":0,"attackKey":0,"stocks":3,"groundAccelerationFactor":0.0631028488278389,"groundAcceleration":0.25692877173423769,"airAccelerationFactor":0.46500423550605776,"airAcceleration":1.1015912294387818,"maxGroundSpeed":4.071587562561035,"maxAirSpeed":2.3689918518066408,"totalJumpForce":0.0,"jumpRatio":0.0,"groundJumpForce":8.952322006225586,"airJumpForce":7.38599157333374,"mass":2.4013853073120119,"drag":1.2215137481689454,"widthScalar":0.9342581033706665,"heightScalar":1.3443118333816529,"gravityScalar":0.5501426458358765,"hitstunDamageScalar":0.12069994956254959,"spriteIndex":55}