{"moveDist":1.395279884338379,"moveAngle":3.027536392211914,"moveLocX":-1.386214256286621,"moveLocY":0.15879559516906739,"widthScalar":1.3357021808624268,"heightScalar":1.132981300354004,"warmUpDuration":0.4830256998538971,"executionDuration":0.38919001817703249,"coolDownDuration":0.5231220126152039,"damageFactor":6.513347625732422,"damageGiven":14.088319778442383,"knockbackScalar":13.756149291992188,"knockbackModX":0.867301344871521,"knockbackModY":0.9436174631118774,"hitstunDuration":0.4940226376056671,"spriteIndex":32}