{"playerName":"Player 1","jumpKey":0,"leftKey":0,"rightKey":0,"attackKey":0,"stocks":3,"groundAccelerationFactor":0.07419466972351074,"groundAcceleration":0.5562419295310974,"airAccelerationFactor":0.7929157018661499,"airAcceleration":1.817986249923706,"maxGroundSpeed":7.497060298919678,"maxAirSpeed":2.2927863597869875,"totalJumpForce":0.0,"jumpRatio":0.0,"groundJumpForce":7.184184551239014,"airJumpForce":8.206363677978516,"mass":2.371145248413086,"drag":2.5997815132141115,"widthScalar":0.7601812481880188,"heightScalar":1.0486328601837159,"gravityScalar":0.7110462188720703,"hitstunDamageScalar":0.2228575348854065,"spriteIndex":64}