{"playerName":"Player 2","jumpKey":0,"leftKey":0,"rightKey":0,"attackKey":0,"stocks":3,"groundAccelerationFactor":0.10060760378837586,"groundAcceleration":0.5017635822296143,"airAccelerationFactor":0.8367495536804199,"airAcceleration":6.552704811096191,"maxGroundSpeed":4.987332344055176,"maxAirSpeed":7.831142425537109,"totalJumpForce":0.0,"jumpRatio":0.0,"groundJumpForce":10.9802885055542,"airJumpForce":11.052270889282227,"mass":2.1706175804138185,"drag":4.401220321655273,"widthScalar":1.2662997245788575,"heightScalar":1.2425577640533448,"gravityScalar":0.6975617408752441,"hitstunDamageScalar":0.2311123013496399,"spriteIndex":43}