{"moveDist":0.9991076588630676,"moveAngle":3.753406524658203,"moveLocX":-0.8178771138191223,"moveLocY":-0.5738407373428345,"widthScalar":1.0643391609191895,"heightScalar":0.5220335721969605,"warmUpDuration":0.33199071884155276,"executionDuration":0.2429879903793335,"coolDownDuration":0.28706827759742739,"damageFactor":4.955424785614014,"damageGiven":9.271808624267579,"knockbackScalar":15.378437042236329,"knockbackModX":-0.016206247732043268,"knockbackModY":0.02567494474351406,"hitstunDuration":0.675137460231781,"spriteIndex":139}