{"moveDist":1.365759253501892,"moveAngle":2.1046266555786135,"moveLocX":-0.6949453949928284,"moveLocY":1.1757335662841797,"widthScalar":1.311179757118225,"heightScalar":1.1629441976547242,"warmUpDuration":0.29295390844345095,"executionDuration":0.23243960738182069,"coolDownDuration":0.5446234345436096,"damageFactor":6.9316511154174809,"damageGiven":12.416984558105469,"knockbackScalar":7.970019817352295,"knockbackModX":0.5823510885238648,"knockbackModY":0.9268244504928589,"hitstunDuration":0.7730739712715149,"spriteIndex":15}