{"moveDist":0.9039716720581055,"moveAngle":5.879110813140869,"moveLocX":0.8311718106269836,"moveLocY":-0.35541269183158877,"widthScalar":1.4478023052215577,"heightScalar":1.051900863647461,"warmUpDuration":0.498107373714447,"executionDuration":0.24152693152427674,"coolDownDuration":0.4532893896102905,"damageFactor":9.390983581542969,"damageGiven":16.202726364135743,"knockbackScalar":6.477099895477295,"knockbackModX":-0.41741999983787539,"knockbackModY":-0.688683032989502,"hitstunDuration":0.24747365713119508,"spriteIndex":122}