{"gameID":5,"generationNum":1,"totalDamageP1":204.60250854492188,"totalRecoveryStateTransitionP1":0.0,"totalHitsReceivedP1":22.0,"remainingStocksP1":0.0,"totalDamageP2":228.4914093017578,"totalRecoveryStateTransitionP2":0.0,"totalHitsReceivedP2":29.0,"remainingStocksP2":2.0,"totalGameLength":60.01324462890625,"fitness":44.907257080078128,"loser":"Player 1"}