{"gameID":5,"generationNum":0,"totalDamageP1":12.764954566955567,"totalRecoveryStateTransitionP1":0.0,"totalHitsReceivedP1":2.0,"totalDamageP2":30.394758224487306,"totalRecoveryStateTransitionP2":0.0,"totalHitsReceivedP2":3.0,"totalGameLength":34.62762451171875,"fitness":-2.8193843364715578}