{"gameID":5,"generationNum":0,"totalDamageP1":23.213083267211915,"totalRecoveryStateTransitionP1":54.0,"totalHitsReceivedP1":3.0,"totalDamageP2":84.82656860351563,"totalRecoveryStateTransitionP2":0.0,"totalHitsReceivedP2":7.0,"totalGameLength":38.515472412109378,"fitness":8.158088684082032}