{"moveDist":1.3659729957580567,"moveAngle":2.092689037322998,"moveLocX":-0.6809672713279724,"moveLocY":1.1841307878494263,"widthScalar":1.003493070602417,"heightScalar":1.0995533466339112,"warmUpDuration":0.42514678835868838,"executionDuration":0.2915823459625244,"coolDownDuration":0.1101461872458458,"damageFactor":6.205996990203857,"damageGiven":10.131586074829102,"knockbackScalar":7.824570178985596,"knockbackModX":0.30478230118751528,"knockbackModY":0.16095542907714845,"hitstunDuration":0.6810165643692017,"spriteIndex":73}