{"moveDist":1.4680888652801514,"moveAngle":2.4869678020477297,"moveLocX":-1.1646002531051636,"moveLocY":0.8938630819320679,"widthScalar":0.7613650560379028,"heightScalar":0.5404472947120667,"warmUpDuration":0.5715439915657044,"executionDuration":0.14912903308868409,"coolDownDuration":0.5551512241363525,"damageFactor":2.5285675525665285,"damageGiven":8.226007461547852,"knockbackScalar":1.9221858978271485,"knockbackModX":0.4473639130592346,"knockbackModY":-0.650246262550354,"hitstunDuration":0.6707093715667725,"spriteIndex":112}