{"moveDist":1.2470009326934815,"moveAngle":2.406925916671753,"moveLocX":-0.9253422617912293,"moveLocY":0.8359144330024719,"widthScalar":1.0137604475021363,"heightScalar":1.0195797681808472,"warmUpDuration":0.5573065280914307,"executionDuration":0.37615132331848147,"coolDownDuration":0.5620483756065369,"damageFactor":1.722028136253357,"damageGiven":7.57530403137207,"knockbackScalar":7.946047782897949,"knockbackModX":0.40550756454467776,"knockbackModY":0.5695396661758423,"hitstunDuration":0.7159518599510193,"spriteIndex":168}