{"moveDist":1.1403424739837647,"moveAngle":5.313567638397217,"moveLocX":0.6449946761131287,"moveLocY":-0.9404057264328003,"widthScalar":1.1303263902664185,"heightScalar":0.5782086253166199,"warmUpDuration":0.4356337785720825,"executionDuration":0.19564616680145265,"coolDownDuration":0.4375990331172943,"damageFactor":1.2933897972106934,"damageGiven":6.382477283477783,"knockbackScalar":8.586172103881836,"knockbackModX":-0.9878857731819153,"knockbackModY":-0.34840071201324465,"hitstunDuration":0.3132302761077881,"spriteIndex":217}