{"playerName":"Player 2","jumpKey":0,"leftKey":0,"rightKey":0,"attackKey":0,"stocks":3,"groundAccelerationFactor":0.1417032927274704,"groundAcceleration":1.3039385080337525,"airAccelerationFactor":0.6079685688018799,"airAcceleration":3.640864372253418,"maxGroundSpeed":9.201892852783204,"maxAirSpeed":5.9885735511779789,"totalJumpForce":11.344331741333008,"jumpRatio":0.24369491636753083,"groundJumpForce":2.7645559310913088,"airJumpForce":8.5797758102417,"mass":2.4449548721313478,"drag":5.716454029083252,"widthScalar":1.4508931636810303,"heightScalar":0.6736853122711182,"gravityScalar":0.6226010918617249,"hitstunDamageScalar":0.23108240962028504,"spriteIndex":76}