{"playerName":"Player 2","jumpKey":0,"leftKey":0,"rightKey":0,"attackKey":0,"stocks":3,"groundAccelerationFactor":0.965350866317749,"groundAcceleration":4.892630577087402,"airAccelerationFactor":0.26251357793807986,"airAcceleration":2.5716421604156496,"maxGroundSpeed":5.068240642547607,"maxAirSpeed":9.796225547790528,"totalJumpForce":13.515792846679688,"jumpRatio":0.4124318063259125,"groundJumpForce":5.574342727661133,"airJumpForce":7.941450119018555,"mass":2.031765937805176,"drag":4.8242645263671879,"widthScalar":0.8236283659934998,"heightScalar":0.8408796787261963,"gravityScalar":0.8350008726119995,"hitstunDamageScalar":0.197544664144516,"spriteIndex":77}