{"playerName":"Player 1","jumpKey":0,"leftKey":0,"rightKey":0,"attackKey":0,"stocks":3,"groundAccelerationFactor":0.6610730290412903,"groundAcceleration":2.1372547149658205,"airAccelerationFactor":0.906815230846405,"airAcceleration":4.792865753173828,"maxGroundSpeed":3.233008623123169,"maxAirSpeed":5.2853827476501469,"totalJumpForce":10.791830062866211,"jumpRatio":0.6014724969863892,"groundJumpForce":6.4909892082214359,"airJumpForce":4.300840854644775,"mass":1.4589776992797852,"drag":2.641718864440918,"widthScalar":1.0422767400741578,"heightScalar":0.5195655226707459,"gravityScalar":1.1695935726165772,"hitstunDamageScalar":0.10709327459335327,"spriteIndex":63}