{"moveDist":1.016872525215149,"moveAngle":5.046623229980469,"moveLocX":0.333580881357193,"moveLocY":-0.9606006145477295,"widthScalar":0.7716326713562012,"heightScalar":0.5840824842453003,"warmUpDuration":0.10166268795728684,"executionDuration":0.23243960738182069,"coolDownDuration":0.3749885857105255,"damageFactor":5.877688407897949,"damageGiven":9.167815208435059,"knockbackScalar":5.683818340301514,"knockbackModX":0.8135193586349487,"knockbackModY":-0.28920412063598635,"hitstunDuration":0.2783876359462738,"spriteIndex":77}