{"moveDist":1.3144679069519044,"moveAngle":3.027536392211914,"moveLocX":-1.3059272766113282,"moveLocY":0.14959844946861268,"widthScalar":0.6365530490875244,"heightScalar":1.132981300354004,"warmUpDuration":0.4830256998538971,"executionDuration":0.38919001817703249,"coolDownDuration":0.5231220126152039,"damageFactor":3.9540953636169435,"damageGiven":10.517298698425293,"knockbackScalar":4.169163703918457,"knockbackModX":-0.41741999983787539,"knockbackModY":0.7391307353973389,"hitstunDuration":0.3660789430141449,"spriteIndex":73}