{"playerName":"Player 2","jumpKey":0,"leftKey":0,"rightKey":0,"attackKey":0,"stocks":3,"groundAccelerationFactor":0.10060760378837586,"groundAcceleration":0.5017635822296143,"airAccelerationFactor":0.7925987243652344,"airAcceleration":6.206953525543213,"maxGroundSpeed":4.987332344055176,"maxAirSpeed":7.831142425537109,"totalJumpForce":0.0,"jumpRatio":0.0,"groundJumpForce":10.9802885055542,"airJumpForce":11.052270889282227,"mass":1.1892032623291016,"drag":1.774808406829834,"widthScalar":0.9347898960113525,"heightScalar":0.7176114320755005,"gravityScalar":0.791223406791687,"hitstunDamageScalar":0.11890307813882828,"spriteIndex":31}