{"moveDist":0.9676886200904846,"moveAngle":0.6542021036148071,"moveLocX":0.7678935527801514,"moveLocY":0.5888639688491821,"widthScalar":0.7466954588890076,"heightScalar":1.4208006858825684,"warmUpDuration":0.3104969263076782,"executionDuration":0.2614380419254303,"coolDownDuration":0.5857930183410645,"damageFactor":0.7160444259643555,"damageGiven":5.82898473739624,"knockbackScalar":11.390209197998047,"knockbackModX":-0.9903944134712219,"knockbackModY":0.6123806238174439,"hitstunDuration":0.39698708057403567,"spriteIndex":24}