{"moveDist":1.2172245979309083,"moveAngle":6.145364284515381,"moveLocX":1.2056825160980225,"moveLocY":-0.167228564620018,"widthScalar":0.8195177316665649,"heightScalar":0.5016855001449585,"warmUpDuration":0.3267306685447693,"executionDuration":0.33007171750068667,"coolDownDuration":0.10341251641511917,"damageFactor":6.6534423828125,"damageGiven":10.058046340942383,"knockbackScalar":5.569718837738037,"knockbackModX":-0.8220238089561462,"knockbackModY":-0.6777273416519165,"hitstunDuration":0.14639268815517426,"spriteIndex":95}