{"playerName":"Player 2","jumpKey":0,"leftKey":0,"rightKey":0,"attackKey":0,"stocks":3,"groundAccelerationFactor":0.5826064944267273,"groundAcceleration":4.557358264923096,"airAccelerationFactor":0.1524614542722702,"airAcceleration":0.4707629084587097,"maxGroundSpeed":7.822360515594482,"maxAirSpeed":3.0877504348754885,"totalJumpForce":0.0,"jumpRatio":0.0,"groundJumpForce":13.30461597442627,"airJumpForce":9.723444938659668,"mass":0.9506595134735107,"drag":2.0476996898651125,"widthScalar":1.4493788480758668,"heightScalar":0.9554247856140137,"gravityScalar":0.34259718656539919,"hitstunDamageScalar":0.26819348335266116,"spriteIndex":47}