{"playerName":"Player 1","jumpKey":0,"leftKey":0,"rightKey":0,"attackKey":0,"stocks":3,"groundAccelerationFactor":0.46830660104751589,"groundAcceleration":1.6059728860855103,"airAccelerationFactor":0.6325770020484924,"airAcceleration":5.016519546508789,"maxGroundSpeed":3.429319381713867,"maxAirSpeed":7.930290699005127,"totalJumpForce":0.0,"jumpRatio":0.0,"groundJumpForce":6.650796890258789,"airJumpForce":2.066596031188965,"mass":1.8578057289123536,"drag":5.432379722595215,"widthScalar":1.402285099029541,"heightScalar":1.2279462814331055,"gravityScalar":0.8400048017501831,"hitstunDamageScalar":0.17509114742279054,"spriteIndex":49}