{"moveDist":1.1149089336395264,"moveAngle":5.6505327224731449,"moveLocX":0.8991315960884094,"moveLocY":-0.65923011302948,"widthScalar":1.1198766231536866,"heightScalar":1.1793248653411866,"warmUpDuration":0.10569017380475998,"executionDuration":0.22374004125595094,"coolDownDuration":0.5488772988319397,"damageFactor":3.443619728088379,"damageGiven":8.024557113647461,"knockbackScalar":12.692790031433106,"knockbackModX":0.011525060050189495,"knockbackModY":-0.7733694314956665,"hitstunDuration":0.8492761254310608,"spriteIndex":184}