{"moveDist":1.1314811706542969,"moveAngle":5.94120454788208,"moveLocX":1.0659595727920533,"moveLocY":-0.37944653630256655,"widthScalar":0.5423982739448547,"heightScalar":1.1959327459335328,"warmUpDuration":0.24603086709976197,"executionDuration":0.37866923213005068,"coolDownDuration":0.13997435569763184,"damageFactor":1.2858152389526368,"damageGiven":5.983230113983154,"knockbackScalar":12.442212104797364,"knockbackModX":-0.17888374626636506,"knockbackModY":-0.14852845668792725,"hitstunDuration":0.41060179471969607,"spriteIndex":248}