{"playerName":"Player 1","jumpKey":0,"leftKey":0,"rightKey":0,"attackKey":0,"stocks":3,"groundAccelerationFactor":0.7061758041381836,"groundAcceleration":1.9882423877716065,"airAccelerationFactor":0.46500423550605776,"airAcceleration":4.401825904846191,"maxGroundSpeed":2.8155062198638918,"maxAirSpeed":9.466205596923829,"totalJumpForce":0.0,"jumpRatio":0.0,"groundJumpForce":2.05047345161438,"airJumpForce":7.271787643432617,"mass":0.9153499007225037,"drag":5.103678226470947,"widthScalar":0.9176663160324097,"heightScalar":0.8327836990356445,"gravityScalar":0.8645550608634949,"hitstunDamageScalar":0.2965978980064392,"spriteIndex":39}