{"gameID":5,"generationNum":1,"totalDamageP1":249.32101440429688,"totalRecoveryStateTransitionP1":0.0,"totalHitsReceivedP1":42.0,"remainingStocksP1":1.0,"totalDamageP2":279.1914367675781,"totalRecoveryStateTransitionP2":0.0,"totalHitsReceivedP2":31.0,"remainingStocksP2":0.0,"totalGameLength":166.4578857421875,"fitness":125.86420440673828,"loser":"Player 2","round":0}