{"moveDist":0.9655176997184753,"moveAngle":4.808187484741211,"moveLocX":0.09235373884439469,"moveLocY":-0.9610906839370728,"widthScalar":1.097188949584961,"heightScalar":1.0898005962371827,"warmUpDuration":0.2610800266265869,"executionDuration":0.2590416371822357,"coolDownDuration":0.4819362163543701,"damageFactor":3.9979476928710939,"damageGiven":9.00617504119873,"knockbackScalar":3.0597167015075685,"knockbackModX":0.38225558400154116,"knockbackModY":0.5650770664215088,"hitstunDuration":0.5725685358047485,"spriteIndex":255}