{"moveDist":1.0670173168182374,"moveAngle":4.832149028778076,"moveLocX":0.12748080492019654,"moveLocY":-1.0593745708465577,"widthScalar":0.811883807182312,"heightScalar":1.2093169689178467,"warmUpDuration":0.22586584091186524,"executionDuration":0.12483954429626465,"coolDownDuration":0.1477413773536682,"damageFactor":1.878258466720581,"damageGiven":5.936212062835693,"knockbackScalar":8.370221138000489,"knockbackModX":-0.2508956789970398,"knockbackModY":-0.39704370498657229,"hitstunDuration":0.13608254492282868,"spriteIndex":31}