{"playerName":"Player 1","jumpKey":0,"leftKey":0,"rightKey":0,"attackKey":0,"stocks":3,"groundAccelerationFactor":0.7459173202514648,"groundAcceleration":4.36370849609375,"airAccelerationFactor":0.7225131988525391,"airAcceleration":2.895589828491211,"maxGroundSpeed":5.850123405456543,"maxAirSpeed":4.007663726806641,"totalJumpForce":0.0,"jumpRatio":0.0,"groundJumpForce":12.086400985717774,"airJumpForce":3.4875760078430177,"mass":2.2961859703063967,"drag":2.9636244773864748,"widthScalar":0.8722881078720093,"heightScalar":0.7944238185882568,"gravityScalar":1.1991796493530274,"hitstunDamageScalar":0.22958076000213624,"spriteIndex":83}