{"moveDist":1.0478733777999879,"moveAngle":0.4749293625354767,"moveLocX":0.9319000244140625,"moveLocY":0.4791669547557831,"widthScalar":1.3675546646118165,"heightScalar":0.5406078696250916,"warmUpDuration":0.2000751495361328,"executionDuration":0.3202308416366577,"coolDownDuration":0.579073965549469,"damageFactor":5.783334732055664,"damageGiven":11.358081817626954,"knockbackScalar":7.681044101715088,"knockbackModX":-0.4240313172340393,"knockbackModY":0.3450673818588257,"hitstunDuration":0.11829208582639694,"spriteIndex":206}