{"moveDist":1.1586700677871705,"moveAngle":4.704416751861572,"moveLocX":-0.009237085469067097,"moveLocY":-1.1586332321166993,"widthScalar":1.3269857168197632,"heightScalar":1.4595978260040284,"warmUpDuration":0.4470166862010956,"executionDuration":0.36281365156173708,"coolDownDuration":0.18290072679519654,"damageFactor":3.5579516887664797,"damageGiven":8.532089233398438,"knockbackScalar":12.56849193572998,"knockbackModX":0.6086122393608093,"knockbackModY":-0.9814049005508423,"hitstunDuration":0.39698708057403567,"spriteIndex":131}