{"moveDist":1.34440279006958,"moveAngle":5.7938923835754398,"moveLocX":1.1866577863693238,"moveLocY":-0.6318718791007996,"widthScalar":1.416832447052002,"heightScalar":1.1296539306640626,"warmUpDuration":0.5496366024017334,"executionDuration":0.22586163878440858,"coolDownDuration":0.10054600238800049,"damageFactor":6.144795894622803,"damageGiven":10.383112907409668,"knockbackScalar":7.628924369812012,"knockbackModX":-0.45361942052841189,"knockbackModY":-0.9379761219024658,"hitstunDuration":0.21006512641906739,"spriteIndex":97}