{"playerName":"Player 2","jumpKey":0,"leftKey":0,"rightKey":0,"attackKey":0,"stocks":3,"groundAccelerationFactor":0.8424027562141419,"groundAcceleration":4.945743560791016,"airAccelerationFactor":0.4209379553794861,"airAcceleration":0.9105297923088074,"maxGroundSpeed":5.870996475219727,"maxAirSpeed":2.163097381591797,"totalJumpForce":0.0,"jumpRatio":0.0,"groundJumpForce":3.6918344497680666,"airJumpForce":9.456182479858399,"mass":1.5363677740097047,"drag":2.0359277725219728,"widthScalar":0.7664324045181274,"heightScalar":1.3691508769989014,"gravityScalar":1.2230753898620606,"hitstunDamageScalar":0.28216201066970827,"spriteIndex":64}