{"gameID":9,"generationNum":1,"totalDamageP1":13.848174095153809,"totalRecoveryStateTransitionP1":501.0,"totalHitsReceivedP1":1.0,"remainingStocksP1":2.0,"totalDamageP2":79.32135772705078,"totalRecoveryStateTransitionP2":374.0,"totalHitsReceivedP2":8.0,"remainingStocksP2":0.0,"totalGameLength":17.4390869140625,"fitness":-12.791277885437012,"loser":"Player 2","round":0}