{"moveDist":0.9036963582038879,"moveAngle":5.506730079650879,"moveLocX":0.6446987986564636,"moveLocY":-0.633269727230072,"widthScalar":0.9165747165679932,"heightScalar":1.3611626625061036,"warmUpDuration":0.2373620867729187,"executionDuration":0.39043256640434267,"coolDownDuration":0.4188659191131592,"damageFactor":6.799070358276367,"damageGiven":12.116318702697754,"knockbackScalar":10.317638397216797,"knockbackModX":0.11125731468200684,"knockbackModY":0.6721531748771668,"hitstunDuration":0.20851819217205048,"spriteIndex":72}