{"moveDist":1.23503839969635,"moveAngle":0.22327564656734467,"moveLocX":1.2043814659118653,"moveLocY":0.273468554019928,"widthScalar":0.7928898334503174,"heightScalar":1.0250322818756104,"warmUpDuration":0.1449148803949356,"executionDuration":0.2595047056674957,"coolDownDuration":0.4413817524909973,"damageFactor":0.032887231558561328,"damageGiven":5.027816295623779,"knockbackScalar":3.68428635597229,"knockbackModX":-0.9412938356399536,"knockbackModY":0.21294116973876954,"hitstunDuration":0.02145630493760109,"spriteIndex":236}