{"playerName":"Player 2","jumpKey":0,"leftKey":0,"rightKey":0,"attackKey":0,"stocks":3,"groundAccelerationFactor":0.964346170425415,"groundAcceleration":7.693692684173584,"airAccelerationFactor":0.5456950068473816,"airAcceleration":5.316500186920166,"maxGroundSpeed":7.97814416885376,"maxAirSpeed":9.742622375488282,"totalJumpForce":0.0,"jumpRatio":0.0,"groundJumpForce":5.539237022399902,"airJumpForce":9.456182479858399,"mass":0.7345544695854187,"drag":2.0359277725219728,"widthScalar":1.2480072975158692,"heightScalar":1.3320568799972535,"gravityScalar":1.0679415464401246,"hitstunDamageScalar":0.17355628311634065,"spriteIndex":64}