{"playerName":"Player 1","jumpKey":0,"leftKey":0,"rightKey":0,"attackKey":0,"stocks":3,"groundAccelerationFactor":0.49438291788101199,"groundAcceleration":1.4198676347732545,"airAccelerationFactor":0.17525920271873475,"airAcceleration":0.7535498142242432,"maxGroundSpeed":2.871999740600586,"maxAirSpeed":4.299630641937256,"totalJumpForce":0.0,"jumpRatio":0.0,"groundJumpForce":3.5681192874908449,"airJumpForce":6.644559860229492,"mass":2.076350450515747,"drag":1.2257345914840699,"widthScalar":0.7780611515045166,"heightScalar":1.0548317432403565,"gravityScalar":0.3731939494609833,"hitstunDamageScalar":0.1240127757191658,"spriteIndex":45}