{"gameID":3,"generationNum":1,"totalDamageP1":117.80265045166016,"totalRecoveryStateTransitionP1":0.0,"totalHitsReceivedP1":15.0,"remainingStocksP1":2.0,"totalDamageP2":215.58619689941407,"totalRecoveryStateTransitionP2":0.0,"totalHitsReceivedP2":29.0,"remainingStocksP2":0.0,"totalGameLength":90.16058349609375,"fitness":70.56053161621094,"loser":"Player 2","round":0}