{"moveDist":0.8851959705352783,"moveAngle":1.0204968452453614,"moveLocX":0.4629066288471222,"moveLocY":0.7545126676559448,"widthScalar":0.5253147482872009,"heightScalar":1.0830230712890626,"warmUpDuration":0.34840261936187746,"executionDuration":0.28600946068763735,"coolDownDuration":0.16017532348632813,"damageFactor":6.799070358276367,"damageGiven":10.40245532989502,"knockbackScalar":10.317638397216797,"knockbackModX":-0.11125731468200684,"knockbackModY":0.6721531748771668,"hitstunDuration":0.20851819217205048,"spriteIndex":72}