{"moveDist":1.081119179725647,"moveAngle":4.332427978515625,"moveLocX":-0.40097007155418398,"moveLocY":-1.0040128231048585,"widthScalar":1.416832447052002,"heightScalar":1.0250322818756104,"warmUpDuration":0.1449148803949356,"executionDuration":0.2595047056674957,"coolDownDuration":0.4413817524909973,"damageFactor":0.032887231558561328,"damageGiven":5.027816295623779,"knockbackScalar":3.68428635597229,"knockbackModX":-0.9412938356399536,"knockbackModY":0.21294116973876954,"hitstunDuration":0.02145630493760109,"spriteIndex":59}