{"playerName":"Player 1","jumpKey":0,"leftKey":0,"rightKey":0,"attackKey":0,"stocks":3,"groundAccelerationFactor":0.0631028488278389,"groundAcceleration":0.25692877173423769,"airAccelerationFactor":0.42876386642456057,"airAcceleration":1.0157381296157838,"maxGroundSpeed":4.071587562561035,"maxAirSpeed":2.3689918518066408,"totalJumpForce":0.0,"jumpRatio":0.0,"groundJumpForce":11.172199249267579,"airJumpForce":7.271787643432617,"mass":2.158491611480713,"drag":4.561983108520508,"widthScalar":0.9176663160324097,"heightScalar":0.7834875583648682,"gravityScalar":0.3731939494609833,"hitstunDamageScalar":0.1240127757191658,"spriteIndex":5}