{"gameID":0,"generationNum":0,"totalDamageP1":34.31658935546875,"totalRecoveryStateTransitionP1":0.0,"totalHitsReceivedP1":5.0,"remainingStocksP1":2.0,"totalDamageP2":38.33642578125,"totalRecoveryStateTransitionP2":0.0,"totalHitsReceivedP2":3.0,"remainingStocksP2":0.0,"totalGameLength":22.070640563964845,"fitness":-5.066041469573975}