{"gameID":0,"generationNum":0,"totalDamageP1":103.75678253173828,"totalRecoveryStateTransitionP1":0.0,"totalHitsReceivedP1":8.0,"totalDamageP2":40.45703125,"totalRecoveryStateTransitionP2":0.0,"totalHitsReceivedP2":7.0,"totalGameLength":38.018524169921878,"fitness":16.10993003845215}