{"moveDist":1.1749738454818726,"moveAngle":4.609572410583496,"moveLocX":-0.12059404700994492,"moveLocY":-1.1687688827514649,"widthScalar":0.5247437357902527,"heightScalar":0.6645270586013794,"warmUpDuration":0.5415829420089722,"executionDuration":0.35012391209602358,"coolDownDuration":0.42934975028038027,"damageFactor":4.546773433685303,"damageGiven":11.006545066833496,"knockbackScalar":1.155665636062622,"knockbackModX":0.6987752914428711,"knockbackModY":-0.11585521697998047,"hitstunDuration":0.200395405292511,"spriteIndex":82}