{"moveDist":1.3786884546279908,"moveAngle":5.75252103805542,"moveLocX":1.1890789270401,"moveLocY":-0.6977630257606506,"widthScalar":0.9254045486450195,"heightScalar":1.4256441593170167,"warmUpDuration":0.5032617449760437,"executionDuration":0.27960872650146487,"coolDownDuration":0.2970959544181824,"damageFactor":7.202824592590332,"damageGiven":12.77880859375,"knockbackScalar":13.661691665649414,"knockbackModX":-0.6212450861930847,"knockbackModY":-0.18388181924819947,"hitstunDuration":0.17584328353405,"spriteIndex":165}