{"moveDist":1.3659729957580567,"moveAngle":1.5855283737182618,"moveLocX":-0.020122850313782693,"moveLocY":1.3658246994018555,"widthScalar":0.8718757033348084,"heightScalar":1.1812855005264283,"warmUpDuration":0.17601008713245393,"executionDuration":0.3594813644886017,"coolDownDuration":0.3982248902320862,"damageFactor":0.8349177241325378,"damageGiven":5.779576301574707,"knockbackScalar":1.6721837520599366,"knockbackModX":-0.4557623565196991,"knockbackModY":0.16095542907714845,"hitstunDuration":0.6810165643692017,"spriteIndex":67}