{"moveDist":1.0337860584259034,"moveAngle":4.527891159057617,"moveLocX":-0.18965105712413789,"moveLocY":-1.0162410736083985,"widthScalar":1.0165314674377442,"heightScalar":0.5782086253166199,"warmUpDuration":0.11453915387392044,"executionDuration":0.19564616680145265,"coolDownDuration":0.5572894811630249,"damageFactor":9.187124252319336,"damageGiven":12.969598770141602,"knockbackScalar":5.752217769622803,"knockbackModX":0.4939432442188263,"knockbackModY":-0.3490888476371765,"hitstunDuration":0.8100661039352417,"spriteIndex":43}