{"moveDist":0.8546494841575623,"moveAngle":3.300931930541992,"moveLocX":-0.8438230752944946,"moveLocY":-0.13560372591018678,"widthScalar":1.162818193435669,"heightScalar":1.1064200401306153,"warmUpDuration":0.4625156819820404,"executionDuration":0.23193824291229249,"coolDownDuration":0.20795850455760957,"damageFactor":2.0648183822631838,"damageGiven":6.863317966461182,"knockbackScalar":5.5779194831848148,"knockbackModX":0.07882069796323776,"knockbackModY":-0.3748251795768738,"hitstunDuration":0.087528757750988,"spriteIndex":102}