{"moveDist":1.161745309829712,"moveAngle":1.3537640571594239,"moveLocX":0.25016146898269656,"moveLocY":1.1344916820526124,"widthScalar":0.8365602493286133,"heightScalar":1.2432150840759278,"warmUpDuration":0.33176368474960329,"executionDuration":0.38265472650527956,"coolDownDuration":0.2649487257003784,"damageFactor":7.034824371337891,"damageGiven":11.889676094055176,"knockbackScalar":4.266180515289307,"knockbackModX":-0.9007109999656677,"knockbackModY":0.56685471534729,"hitstunDuration":0.7841306328773499,"spriteIndex":24}