{"playerName":"Player 1","jumpKey":0,"leftKey":0,"rightKey":0,"attackKey":0,"stocks":3,"groundAccelerationFactor":0.2898028492927551,"groundAcceleration":1.7545236349105836,"airAccelerationFactor":0.7828871011734009,"airAcceleration":5.933280944824219,"maxGroundSpeed":6.054197311401367,"maxAirSpeed":7.578718662261963,"totalJumpForce":7.921096324920654,"jumpRatio":0.6646868586540222,"groundJumpForce":5.265048503875732,"airJumpForce":2.6560475826263429,"mass":0.9352132081985474,"drag":3.1924028396606447,"widthScalar":0.7754777073860169,"heightScalar":1.4288415908813477,"gravityScalar":1.1754090785980225,"hitstunDamageScalar":0.25279054045677187,"spriteIndex":12}