{"playerName":"Player 2","jumpKey":0,"leftKey":0,"rightKey":0,"attackKey":0,"stocks":3,"groundAccelerationFactor":0.16776694357395173,"groundAcceleration":0.7953938245773315,"airAccelerationFactor":0.49375757575035097,"airAcceleration":2.854166030883789,"maxGroundSpeed":4.741064071655273,"maxAirSpeed":5.780500888824463,"totalJumpForce":8.855182647705079,"jumpRatio":0.6107397079467773,"groundJumpForce":5.408211708068848,"airJumpForce":3.4469709396362306,"mass":1.5755870342254639,"drag":5.856316566467285,"widthScalar":0.7070537209510803,"heightScalar":1.3923344612121583,"gravityScalar":0.3623792231082916,"hitstunDamageScalar":0.2894294857978821,"spriteIndex":66}