{"playerName":"Player 1","jumpKey":0,"leftKey":0,"rightKey":0,"attackKey":0,"stocks":3,"groundAccelerationFactor":0.2946687936782837,"groundAcceleration":1.187728762626648,"airAccelerationFactor":0.16448530554771424,"airAcceleration":1.1519038677215577,"maxGroundSpeed":4.03072452545166,"maxAirSpeed":7.00308084487915,"totalJumpForce":16.110706329345704,"jumpRatio":0.2858140468597412,"groundJumpForce":4.604666233062744,"airJumpForce":11.506040573120118,"mass":2.395110607147217,"drag":3.517603635787964,"widthScalar":1.271470069885254,"heightScalar":0.8352540731430054,"gravityScalar":0.4735942482948303,"hitstunDamageScalar":0.15986552834510804,"spriteIndex":53}