{"playerName":"Player 2","jumpKey":0,"leftKey":0,"rightKey":0,"attackKey":0,"stocks":3,"groundAccelerationFactor":0.07331851124763489,"groundAcceleration":0.3715958595275879,"airAccelerationFactor":0.26251357793807986,"airAcceleration":1.1221489906311036,"maxGroundSpeed":5.068240642547607,"maxAirSpeed":4.274631977081299,"totalJumpForce":13.515792846679688,"jumpRatio":0.8126119375228882,"groundJumpForce":10.983094215393067,"airJumpForce":2.532698154449463,"mass":1.4027390480041505,"drag":2.846595287322998,"widthScalar":0.8236283659934998,"heightScalar":1.4030441045761109,"gravityScalar":0.8320944905281067,"hitstunDamageScalar":0.2561562657356262,"spriteIndex":50}