{"playerName":"Player 1","jumpKey":0,"leftKey":0,"rightKey":0,"attackKey":0,"stocks":3,"groundAccelerationFactor":0.7321097254753113,"groundAcceleration":2.366917133331299,"airAccelerationFactor":0.3570244014263153,"airAcceleration":1.8870105743408204,"maxGroundSpeed":3.233008623123169,"maxAirSpeed":5.2853827476501469,"totalJumpForce":10.534890174865723,"jumpRatio":0.6014724969863892,"groundJumpForce":6.336446762084961,"airJumpForce":4.198443412780762,"mass":1.5562103986740113,"drag":4.490936279296875,"widthScalar":0.8647912740707398,"heightScalar":0.6734466552734375,"gravityScalar":0.5952800512313843,"hitstunDamageScalar":0.24760282039642335,"spriteIndex":76}