{"playerName":"Player 2","jumpKey":0,"leftKey":0,"rightKey":0,"attackKey":0,"stocks":3,"groundAccelerationFactor":0.5804891586303711,"groundAcceleration":3.941002130508423,"airAccelerationFactor":0.011080434545874596,"airAcceleration":0.03381748124957085,"maxGroundSpeed":6.789105415344238,"maxAirSpeed":3.051999568939209,"totalJumpForce":14.459623336791993,"jumpRatio":0.30690446496009829,"groundJumpForce":4.437723159790039,"airJumpForce":10.021900177001954,"mass":1.7802060842514039,"drag":3.2276055812835695,"widthScalar":0.8872439861297607,"heightScalar":1.0626119375228882,"gravityScalar":0.8439760208129883,"hitstunDamageScalar":0.1767062544822693,"spriteIndex":31}