{"gameID":3,"generationNum":0,"totalDamageP1":177.13551330566407,"totalRecoveryStateTransitionP1":0.0,"totalHitsReceivedP1":12.0,"totalDamageP2":60.11360168457031,"totalRecoveryStateTransitionP2":0.0,"totalHitsReceivedP2":7.0,"totalGameLength":53.120880126953128,"fitness":22.901840209960939}