{"gameID":3,"generationNum":0,"totalDamageP1":77.46054077148438,"totalRecoveryStateTransitionP1":0.0,"totalHitsReceivedP1":5.0,"totalDamageP2":57.3853759765625,"totalRecoveryStateTransitionP2":0.0,"totalHitsReceivedP2":5.0,"totalGameLength":6.064788818359375,"fitness":-17.4581356048584}