{"moveDist":1.0560864210128785,"moveAngle":3.71874737739563,"moveLocX":-0.8850200176239014,"moveLocY":-0.5762448906898499,"widthScalar":0.5569380521774292,"heightScalar":0.73252934217453,"warmUpDuration":0.5725961327552795,"executionDuration":0.15903832018375398,"coolDownDuration":0.196219801902771,"damageFactor":5.139644622802734,"damageGiven":9.768840789794922,"knockbackScalar":14.088724136352539,"knockbackModX":-0.8401524424552918,"knockbackModY":-0.15566223859786988,"hitstunDuration":0.9541317224502564,"spriteIndex":61}