{"moveDist":1.2994515895843506,"moveAngle":2.4785945415496828,"moveLocX":-1.0241633653640748,"moveLocY":0.7997897863388062,"widthScalar":0.8297332525253296,"heightScalar":1.458167314529419,"warmUpDuration":0.10264825075864792,"executionDuration":0.32039982080459597,"coolDownDuration":0.14178481698036195,"damageFactor":7.205190658569336,"damageGiven":9.06972885131836,"knockbackScalar":4.463405609130859,"knockbackModX":0.37044668197631838,"knockbackModY":0.21088624000549317,"hitstunDuration":0.11802804470062256,"spriteIndex":113}