{"moveDist":1.1693410873413087,"moveAngle":1.5855283737182618,"moveLocX":-0.017226165160536767,"moveLocY":1.169214129447937,"widthScalar":0.8718757033348084,"heightScalar":0.9238134622573853,"warmUpDuration":0.17601008713245393,"executionDuration":0.10591523349285126,"coolDownDuration":0.1101461872458458,"damageFactor":9.150516510009766,"damageGiven":8.58765697479248,"knockbackScalar":7.824570178985596,"knockbackModX":0.5021734833717346,"knockbackModY":0.16095542907714845,"hitstunDuration":0.9320957064628601,"spriteIndex":193}