{"moveDist":0.9043759107589722,"moveAngle":6.056227207183838,"moveLocX":0.8811835646629334,"moveLocY":-0.20349784195423127,"widthScalar":1.0760412216186524,"heightScalar":1.319108009338379,"warmUpDuration":0.44143301248550417,"executionDuration":0.11385218799114227,"coolDownDuration":0.36038699746131899,"damageFactor":7.773612976074219,"damageGiven":12.118081092834473,"knockbackScalar":3.4818310737609865,"knockbackModX":-0.6153331995010376,"knockbackModY":-0.38120394945144656,"hitstunDuration":0.005032138433307409,"spriteIndex":37}