{"moveDist":1.4680888652801514,"moveAngle":2.4869678020477297,"moveLocX":-1.1646002531051636,"moveLocY":0.8938630819320679,"widthScalar":0.7613650560379028,"heightScalar":0.5404472947120667,"warmUpDuration":0.5715439915657044,"executionDuration":0.14912903308868409,"coolDownDuration":0.13828438520431519,"damageFactor":5.971389293670654,"damageGiven":10.129169464111329,"knockbackScalar":8.651466369628907,"knockbackModX":0.05917833745479584,"knockbackModY":-0.025517862290143968,"hitstunDuration":0.6707093715667725,"spriteIndex":74}