{"moveDist":1.1639976501464844,"moveAngle":0.9439339637756348,"moveLocX":0.6828086376190186,"moveLocY":0.9426891207695007,"widthScalar":0.7110463380813599,"heightScalar":1.1320018768310547,"warmUpDuration":0.2109464704990387,"executionDuration":0.27687031030654909,"coolDownDuration":0.21213127672672273,"damageFactor":1.0706912279129029,"damageGiven":5.7494282722473148,"knockbackScalar":3.318002223968506,"knockbackModX":0.22188067436218263,"knockbackModY":0.26581645011901858,"hitstunDuration":0.9557024240493774,"spriteIndex":168}