{"moveDist":1.3647387027740479,"moveAngle":0.916151225566864,"moveLocX":0.8309590816497803,"moveLocY":1.0825982093811036,"widthScalar":1.1303263902664185,"heightScalar":1.1916717290878297,"warmUpDuration":0.22682780027389527,"executionDuration":0.3406037986278534,"coolDownDuration":0.4664512276649475,"damageFactor":9.441393852233887,"damageGiven":14.761295318603516,"knockbackScalar":6.247437953948975,"knockbackModX":0.4939432442188263,"knockbackModY":-0.9034407734870911,"hitstunDuration":0.04459632560610771,"spriteIndex":79}