{"moveDist":1.0187503099441529,"moveAngle":6.077188491821289,"moveLocX":0.9972114562988281,"moveLocY":-0.20837824046611787,"widthScalar":1.0137604475021363,"heightScalar":1.230125904083252,"warmUpDuration":0.27216267585754397,"executionDuration":0.15495654940605164,"coolDownDuration":0.18515248596668244,"damageFactor":8.708971977233887,"damageGiven":10.332257270812989,"knockbackScalar":7.946047782897949,"knockbackModX":0.35200968384742739,"knockbackModY":0.5695396661758423,"hitstunDuration":0.7159518599510193,"spriteIndex":70}