{"moveDist":1.1951649188995362,"moveAngle":3.2395734786987306,"moveLocX":-1.1894326210021973,"moveLocY":-0.11691596359014511,"widthScalar":0.9926345348358154,"heightScalar":1.0449442863464356,"warmUpDuration":0.5425989627838135,"executionDuration":0.33514028787612917,"coolDownDuration":0.10821133852005005,"damageFactor":3.6929771900177,"damageGiven":8.641093254089356,"knockbackScalar":11.277396202087403,"knockbackModX":0.8864684104919434,"knockbackModY":0.9144496917724609,"hitstunDuration":0.5075629949569702,"spriteIndex":215}