{"playerName":"Player 2","jumpKey":0,"leftKey":0,"rightKey":0,"attackKey":0,"stocks":3,"groundAccelerationFactor":0.9310712218284607,"groundAcceleration":8.425710678100586,"airAccelerationFactor":0.5098991394042969,"airAcceleration":4.961945056915283,"maxGroundSpeed":9.049480438232422,"maxAirSpeed":9.731228828430176,"totalJumpForce":5.057118892669678,"jumpRatio":0.41307905316352847,"groundJumpForce":2.0889899730682375,"airJumpForce":2.9681289196014406,"mass":2.1663355827331545,"drag":2.596186399459839,"widthScalar":1.1144038438796998,"heightScalar":0.798566460609436,"gravityScalar":0.5868833065032959,"hitstunDamageScalar":0.2669377326965332,"spriteIndex":48}