{"playerName":"Player 1","jumpKey":0,"leftKey":0,"rightKey":0,"attackKey":0,"stocks":3,"groundAccelerationFactor":0.75580894947052,"groundAcceleration":6.367839813232422,"airAccelerationFactor":0.9356147050857544,"airAcceleration":9.231335639953614,"maxGroundSpeed":8.42519760131836,"maxAirSpeed":9.866600036621094,"totalJumpForce":11.786680221557618,"jumpRatio":0.8327628970146179,"groundJumpForce":9.815509796142579,"airJumpForce":1.9711703062057496,"mass":2.1006641387939455,"drag":4.125834941864014,"widthScalar":0.7676945328712463,"heightScalar":0.8656686544418335,"gravityScalar":1.2638214826583863,"hitstunDamageScalar":0.2651199400424957,"spriteIndex":30}