{"playerName":"Player 2","jumpKey":0,"leftKey":0,"rightKey":0,"attackKey":0,"stocks":3,"groundAccelerationFactor":0.7452902793884277,"groundAcceleration":3.324791431427002,"airAccelerationFactor":0.11167290061712265,"airAcceleration":0.8962069153785706,"maxGroundSpeed":4.461069107055664,"maxAirSpeed":8.025285720825196,"totalJumpForce":12.720166206359864,"jumpRatio":0.7135014533996582,"groundJumpForce":9.075857162475586,"airJumpForce":3.6443090438842775,"mass":1.9707883596420289,"drag":5.803175449371338,"widthScalar":1.1978596448898316,"heightScalar":0.8664952516555786,"gravityScalar":1.2039918899536133,"hitstunDamageScalar":0.18621277809143067,"spriteIndex":83}