{"playerName":"Player 1","jumpKey":0,"leftKey":0,"rightKey":0,"attackKey":0,"stocks":3,"groundAccelerationFactor":0.40877535939216616,"groundAcceleration":2.763547658920288,"airAccelerationFactor":0.2678163945674896,"airAcceleration":1.437276005744934,"maxGroundSpeed":6.760553359985352,"maxAirSpeed":5.366646766662598,"totalJumpForce":7.141859531402588,"jumpRatio":0.6550754308700562,"groundJumpForce":4.678456783294678,"airJumpForce":2.46340274810791,"mass":1.2306268215179444,"drag":4.537138938903809,"widthScalar":0.9010961651802063,"heightScalar":0.7369400262832642,"gravityScalar":0.3407377600669861,"hitstunDamageScalar":0.2712750732898712,"spriteIndex":43}