{"playerName":"Player 2","jumpKey":0,"leftKey":0,"rightKey":0,"attackKey":0,"stocks":3,"groundAccelerationFactor":0.6653103828430176,"groundAcceleration":4.723609924316406,"airAccelerationFactor":0.5734602212905884,"airAcceleration":2.139040231704712,"maxGroundSpeed":7.099859237670898,"maxAirSpeed":3.7300586700439455,"totalJumpForce":9.067131042480469,"jumpRatio":0.4124318063259125,"groundJumpForce":3.7395732402801515,"airJumpForce":5.3275580406188969,"mass":2.031765937805176,"drag":2.846595287322998,"widthScalar":0.8236283659934998,"heightScalar":0.8408796787261963,"gravityScalar":0.8320944905281067,"hitstunDamageScalar":0.2561562657356262,"spriteIndex":1}