{"playerName":"Player 1","jumpKey":0,"leftKey":0,"rightKey":0,"attackKey":0,"stocks":3,"groundAccelerationFactor":0.875655472278595,"groundAcceleration":7.06934928894043,"airAccelerationFactor":0.24839460849761964,"airAcceleration":0.9805859923362732,"maxGroundSpeed":8.073208808898926,"maxAirSpeed":3.9476943016052248,"totalJumpForce":11.474079132080079,"jumpRatio":0.545686662197113,"groundJumpForce":6.261251926422119,"airJumpForce":5.212827205657959,"mass":1.1146308183670045,"drag":3.70265793800354,"widthScalar":1.221074104309082,"heightScalar":1.0478036403656006,"gravityScalar":1.2412351369857789,"hitstunDamageScalar":0.2615366280078888,"spriteIndex":0}