{"playerName":"Player 2","jumpKey":0,"leftKey":0,"rightKey":0,"attackKey":0,"stocks":3,"groundAccelerationFactor":0.00931687094271183,"groundAcceleration":0.05246841534972191,"airAccelerationFactor":0.6173286437988281,"airAcceleration":2.884964942932129,"maxGroundSpeed":5.631548881530762,"maxAirSpeed":4.673305034637451,"totalJumpForce":5.774632930755615,"jumpRatio":0.5898166298866272,"groundJumpForce":3.4059746265411379,"airJumpForce":2.3686583042144777,"mass":1.3708542585372925,"drag":2.7295327186584474,"widthScalar":1.1261450052261353,"heightScalar":0.5712329149246216,"gravityScalar":0.8921996355056763,"hitstunDamageScalar":0.16217181086540223,"spriteIndex":64}