{"moveDist":1.1175642013549805,"moveAngle":1.9493294954299927,"moveLocX":-0.41300466656684878,"moveLocY":1.0384492874145508,"widthScalar":0.8534849882125855,"heightScalar":1.4595978260040284,"warmUpDuration":0.4470166862010956,"executionDuration":0.36281365156173708,"coolDownDuration":0.23339489102363587,"damageFactor":3.5579516887664797,"damageGiven":8.711745262145996,"knockbackScalar":10.52833080291748,"knockbackModX":0.48698100447654726,"knockbackModY":-0.29451054334640505,"hitstunDuration":0.20964942872524262,"spriteIndex":183}