{"moveDist":0.9107027649879456,"moveAngle":1.4347686767578126,"moveLocX":0.1234990730881691,"moveLocY":0.9022901058197022,"widthScalar":0.887910008430481,"heightScalar":1.351478099822998,"warmUpDuration":0.3061138689517975,"executionDuration":0.1019478291273117,"coolDownDuration":0.22514784336090089,"damageFactor":2.592630624771118,"damageGiven":6.641678333282471,"knockbackScalar":1.4976834058761597,"knockbackModX":0.065485879778862,"knockbackModY":-0.966033399105072,"hitstunDuration":0.48051008582115176,"spriteIndex":223}