{"playerName":"Player 2","jumpKey":0,"leftKey":0,"rightKey":0,"attackKey":0,"stocks":3,"groundAccelerationFactor":0.606096625328064,"groundAcceleration":5.993188858032227,"airAccelerationFactor":0.6905587315559387,"airAcceleration":6.239832878112793,"maxGroundSpeed":9.888174057006836,"maxAirSpeed":9.035919189453125,"totalJumpForce":0.0,"jumpRatio":0.0,"groundJumpForce":8.425140380859375,"airJumpForce":9.400901794433594,"mass":1.0541322231292725,"drag":2.7012906074523927,"widthScalar":0.9590671062469482,"heightScalar":1.4389870166778565,"gravityScalar":1.1062822341918946,"hitstunDamageScalar":0.2998324930667877,"spriteIndex":58}