{"playerName":"Player 1","jumpKey":0,"leftKey":0,"rightKey":0,"attackKey":0,"stocks":3,"groundAccelerationFactor":0.42465755343437197,"groundAcceleration":3.5306575298309328,"airAccelerationFactor":0.26654601097106936,"airAcceleration":1.8206777572631837,"maxGroundSpeed":8.314128875732422,"maxAirSpeed":6.830632209777832,"totalJumpForce":0.0,"jumpRatio":0.0,"groundJumpForce":8.952322006225586,"airJumpForce":7.38599157333374,"mass":2.3316640853881838,"drag":5.989919185638428,"widthScalar":0.9342581033706665,"heightScalar":1.3443118333816529,"gravityScalar":0.5501426458358765,"hitstunDamageScalar":0.1372509002685547,"spriteIndex":41}