{"moveDist":1.034188151359558,"moveAngle":0.4417133927345276,"moveLocX":0.9349273443222046,"moveLocY":0.4421041011810303,"widthScalar":0.8714645504951477,"heightScalar":1.1694822311401368,"warmUpDuration":0.1572275161743164,"executionDuration":0.19266527891159059,"coolDownDuration":0.444734126329422,"damageFactor":6.203774452209473,"damageGiven":9.929686546325684,"knockbackScalar":5.0487236976623539,"knockbackModX":-0.7365657091140747,"knockbackModY":-0.32603323459625246,"hitstunDuration":0.02008952386677265,"spriteIndex":212}