{"moveDist":1.4398057460784913,"moveAngle":2.8577144145965578,"moveLocX":-1.382179617881775,"moveLocY":0.4032618999481201,"widthScalar":1.2988553047180176,"heightScalar":0.9758564233779907,"warmUpDuration":0.21326851844787599,"executionDuration":0.19235962629318238,"coolDownDuration":0.31758177280426028,"damageFactor":6.249990940093994,"damageGiven":9.520055770874024,"knockbackScalar":10.782780647277832,"knockbackModX":0.21815674006938935,"knockbackModY":-0.9077385067939758,"hitstunDuration":0.7465481162071228,"spriteIndex":15}