{"moveDist":1.1149089336395264,"moveAngle":2.2161471843719484,"moveLocX":-0.6705940365791321,"moveLocY":0.8906882405281067,"widthScalar":0.9165747165679932,"heightScalar":0.9599207639694214,"warmUpDuration":0.2373620867729187,"executionDuration":0.39043256640434267,"coolDownDuration":0.4188659191131592,"damageFactor":6.799070358276367,"damageGiven":12.116318702697754,"knockbackScalar":10.317638397216797,"knockbackModX":0.7579095363616943,"knockbackModY":0.6721531748771668,"hitstunDuration":0.6556294560432434,"spriteIndex":216}