{"moveDist":1.1755807399749756,"moveAngle":1.320287823677063,"moveLocX":0.2914224863052368,"moveLocY":1.1388866901397706,"widthScalar":1.1556005477905274,"heightScalar":0.8684355020523071,"warmUpDuration":0.4218336045742035,"executionDuration":0.3263249397277832,"coolDownDuration":0.1717156171798706,"damageFactor":6.168990612030029,"damageGiven":10.674695014953614,"knockbackScalar":3.7344822883605959,"knockbackModX":0.6775676608085632,"knockbackModY":-0.8303689956665039,"hitstunDuration":0.29776501655578616,"spriteIndex":249}