{"moveDist":1.1314811706542969,"moveAngle":5.94120454788208,"moveLocX":1.0659595727920533,"moveLocY":-0.37944653630256655,"widthScalar":0.5423982739448547,"heightScalar":0.6398872137069702,"warmUpDuration":0.24603086709976197,"executionDuration":0.28384485840797427,"coolDownDuration":0.3125306963920593,"damageFactor":2.3119263648986818,"damageGiven":6.947581768035889,"knockbackScalar":3.7187869548797609,"knockbackModX":-0.16861745715141297,"knockbackModY":0.13345098495483399,"hitstunDuration":0.8202386498451233,"spriteIndex":124}