{"playerName":"Player 2","jumpKey":0,"leftKey":0,"rightKey":0,"attackKey":0,"stocks":3,"groundAccelerationFactor":0.6212652325630188,"groundAcceleration":3.482001781463623,"airAccelerationFactor":0.47831711173057558,"airAcceleration":1.0346465110778809,"maxGroundSpeed":5.604694366455078,"maxAirSpeed":2.163097381591797,"totalJumpForce":0.0,"jumpRatio":0.0,"groundJumpForce":14.962705612182618,"airJumpForce":5.848124027252197,"mass":1.5363677740097047,"drag":3.764143466949463,"widthScalar":0.7911890745162964,"heightScalar":0.9554247856140137,"gravityScalar":0.5309176445007324,"hitstunDamageScalar":0.24426484107971192,"spriteIndex":42}