{"playerName":"Player 2","jumpKey":0,"leftKey":0,"rightKey":0,"attackKey":0,"stocks":3,"groundAccelerationFactor":0.05138997361063957,"groundAcceleration":0.38773587346076968,"airAccelerationFactor":0.4765656292438507,"airAcceleration":3.9348697662353517,"maxGroundSpeed":7.544971466064453,"maxAirSpeed":8.256721496582032,"totalJumpForce":0.0,"jumpRatio":0.0,"groundJumpForce":8.516904830932618,"airJumpForce":11.079358100891114,"mass":1.9017218351364136,"drag":4.4264678955078129,"widthScalar":0.8639640212059021,"heightScalar":0.8528794050216675,"gravityScalar":1.0449368953704835,"hitstunDamageScalar":0.18956953287124635,"spriteIndex":65}