{"playerName":"Player 1","jumpKey":0,"leftKey":0,"rightKey":0,"attackKey":0,"stocks":3,"groundAccelerationFactor":0.23004946112632752,"groundAcceleration":1.1024585962295533,"airAccelerationFactor":0.6299462914466858,"airAcceleration":2.2511837482452394,"maxGroundSpeed":4.792267799377441,"maxAirSpeed":3.5736122131347658,"totalJumpForce":0.0,"jumpRatio":0.0,"groundJumpForce":5.689718723297119,"airJumpForce":13.462791442871094,"mass":1.288358211517334,"drag":3.797241687774658,"widthScalar":1.4863523244857789,"heightScalar":1.198418378829956,"gravityScalar":1.0305356979370118,"hitstunDamageScalar":0.2625071704387665,"spriteIndex":44}