{"playerName":"Player 1","jumpKey":0,"leftKey":0,"rightKey":0,"attackKey":0,"stocks":3,"groundAccelerationFactor":0.49438291788101199,"groundAcceleration":1.6547662019729615,"airAccelerationFactor":0.6682240962982178,"airAcceleration":2.8731167316436769,"maxGroundSpeed":3.347134590148926,"maxAirSpeed":4.299630641937256,"totalJumpForce":0.0,"jumpRatio":0.0,"groundJumpForce":9.578800201416016,"airJumpForce":2.1523523330688478,"mass":2.484504222869873,"drag":5.103678226470947,"widthScalar":1.3821529150009156,"heightScalar":0.8327836990356445,"gravityScalar":1.1842262744903565,"hitstunDamageScalar":0.2235724925994873,"spriteIndex":50}