{"moveDist":1.1205782890319825,"moveAngle":4.704416751861572,"moveLocX":-0.008933411911129952,"moveLocY":-1.1205426454544068,"widthScalar":1.3269857168197632,"heightScalar":0.9663413166999817,"warmUpDuration":0.33457574248313906,"executionDuration":0.16444504261016847,"coolDownDuration":0.5400499701499939,"damageFactor":4.1981401443481449,"damageGiven":9.362164497375489,"knockbackScalar":8.98215389251709,"knockbackModX":-0.02060375176370144,"knockbackModY":0.07327735424041748,"hitstunDuration":0.5684018731117249,"spriteIndex":203}