{"moveDist":0.9865648746490479,"moveAngle":4.536288738250732,"moveLocX":-0.1728377640247345,"moveLocY":-0.9713070392608643,"widthScalar":1.0535564422607422,"heightScalar":0.7344789505004883,"warmUpDuration":0.5439538359642029,"executionDuration":0.12417764216661453,"coolDownDuration":0.35108575224876406,"damageFactor":8.808089256286621,"damageGiven":13.97735595703125,"knockbackScalar":1.7546941041946412,"knockbackModX":0.07591263204813004,"knockbackModY":0.2241826057434082,"hitstunDuration":0.4754771590232849,"spriteIndex":27}