{"playerName":"Player 1","jumpKey":0,"leftKey":0,"rightKey":0,"attackKey":0,"stocks":3,"groundAccelerationFactor":0.5155412554740906,"groundAcceleration":1.401270866394043,"airAccelerationFactor":0.9992626309394836,"airAcceleration":7.378622055053711,"maxGroundSpeed":2.718057632446289,"maxAirSpeed":7.384067058563232,"totalJumpForce":0.0,"jumpRatio":0.0,"groundJumpForce":9.139704704284668,"airJumpForce":6.7658281326293949,"mass":1.6799659729003907,"drag":2.7409181594848635,"widthScalar":1.2928119897842408,"heightScalar":1.376914143562317,"gravityScalar":0.4579695165157318,"hitstunDamageScalar":0.2215915024280548,"spriteIndex":1}