{"playerName":"Player 2","jumpKey":0,"leftKey":0,"rightKey":0,"attackKey":0,"stocks":3,"groundAccelerationFactor":0.6212652325630188,"groundAcceleration":6.143178939819336,"airAccelerationFactor":0.2825525403022766,"airAcceleration":0.6111886501312256,"maxGroundSpeed":9.888174057006836,"maxAirSpeed":2.163097381591797,"totalJumpForce":0.0,"jumpRatio":0.0,"groundJumpForce":5.539237022399902,"airJumpForce":10.837861061096192,"mass":1.5363677740097047,"drag":2.0476996898651125,"widthScalar":1.4493788480758668,"heightScalar":0.9554247856140137,"gravityScalar":1.2230753898620606,"hitstunDamageScalar":0.29410669207572939,"spriteIndex":66}