{"gameID":4,"generationNum":1,"totalDamageP1":10.930513381958008,"totalRecoveryStateTransitionP1":107.0,"totalHitsReceivedP1":1.0,"remainingStocksP1":0.0,"totalDamageP2":11.701998710632325,"totalRecoveryStateTransitionP2":56.0,"totalHitsReceivedP2":1.0,"remainingStocksP2":1.0,"totalGameLength":29.791587829589845,"fitness":-8.022309303283692,"loser":"Player 1","round":0}