{"moveDist":1.1586700677871705,"moveAngle":1.0204968452453614,"moveLocX":0.6059178709983826,"moveLocY":0.9876132011413574,"widthScalar":0.5253147482872009,"heightScalar":1.0830230712890626,"warmUpDuration":0.34840261936187746,"executionDuration":0.28600946068763735,"coolDownDuration":0.16017532348632813,"damageFactor":8.434564590454102,"damageGiven":11.701998710632325,"knockbackScalar":12.56849193572998,"knockbackModX":0.4463006258010864,"knockbackModY":-0.5886845588684082,"hitstunDuration":0.9726960062980652,"spriteIndex":143}