{"moveDist":0.9048374891281128,"moveAngle":4.365819454193115,"moveLocX":-0.30734914541244509,"moveLocY":-0.8510389924049377,"widthScalar":0.6546818017959595,"heightScalar":0.5676960349082947,"warmUpDuration":0.16449099779129029,"executionDuration":0.2595047056674957,"coolDownDuration":0.5411320924758911,"damageFactor":6.144795894622803,"damageGiven":10.930513381958008,"knockbackScalar":9.70960807800293,"knockbackModX":0.6423216462135315,"knockbackModY":-0.6224450469017029,"hitstunDuration":0.6167569160461426,"spriteIndex":59}