{"playerName":"Player 1","jumpKey":0,"leftKey":0,"rightKey":0,"attackKey":0,"stocks":3,"groundAccelerationFactor":0.04982069507241249,"groundAcceleration":0.13541552424430848,"airAccelerationFactor":0.1683177351951599,"airAcceleration":1.4763798713684083,"maxGroundSpeed":2.718057632446289,"maxAirSpeed":8.77138614654541,"totalJumpForce":0.0,"jumpRatio":0.0,"groundJumpForce":9.331809997558594,"airJumpForce":12.504761695861817,"mass":1.3110864162445069,"drag":4.5884318351745609,"widthScalar":0.9176663160324097,"heightScalar":0.9688752293586731,"gravityScalar":0.8645550608634949,"hitstunDamageScalar":0.13565006852149964,"spriteIndex":42}