{"moveDist":1.1073963642120362,"moveAngle":4.306819915771484,"moveLocX":-0.4369140565395355,"moveLocY":-1.0175621509552003,"widthScalar":0.5423982739448547,"heightScalar":0.7150498628616333,"warmUpDuration":0.5496366024017334,"executionDuration":0.28384485840797427,"coolDownDuration":0.3296875059604645,"damageFactor":9.466293334960938,"damageGiven":16.01089859008789,"knockbackScalar":4.276941776275635,"knockbackModX":-0.9656069874763489,"knockbackModY":-0.14852845668792725,"hitstunDuration":0.41060179471969607,"spriteIndex":118}