{"playerName":"Player 2","jumpKey":0,"leftKey":0,"rightKey":0,"attackKey":0,"stocks":3,"groundAccelerationFactor":0.6212652325630188,"groundAcceleration":5.379534721374512,"airAccelerationFactor":0.47831711173057558,"airAcceleration":1.0346465110778809,"maxGroundSpeed":8.658998489379883,"maxAirSpeed":2.163097381591797,"totalJumpForce":0.0,"jumpRatio":0.0,"groundJumpForce":5.539237022399902,"airJumpForce":6.706669330596924,"mass":0.6667137742042542,"drag":1.1714872121810914,"widthScalar":0.9866138696670532,"heightScalar":0.7020376920700073,"gravityScalar":0.5975722074508667,"hitstunDamageScalar":0.2735788822174072,"spriteIndex":54}