{"moveDist":1.1175642013549805,"moveAngle":3.319847583770752,"moveLocX":-1.0998560190200806,"moveLocY":-0.19815801084041596,"widthScalar":0.8534849882125855,"heightScalar":1.4595978260040284,"warmUpDuration":0.4470166862010956,"executionDuration":0.32692280411720278,"coolDownDuration":0.39625853300094607,"damageFactor":3.2376506328582765,"damageGiven":8.788692474365235,"knockbackScalar":14.811421394348145,"knockbackModX":0.27067962288856509,"knockbackModY":0.5798155069351196,"hitstunDuration":0.8155617117881775,"spriteIndex":204}