{"moveDist":0.9107027649879456,"moveAngle":4.797188758850098,"moveLocX":0.077134869992733,"moveLocY":-0.9074302911758423,"widthScalar":0.887910008430481,"heightScalar":0.9271084070205689,"warmUpDuration":0.3061138689517975,"executionDuration":0.2472514510154724,"coolDownDuration":0.19752398133277894,"damageFactor":7.256923198699951,"damageGiven":10.449146270751954,"knockbackScalar":6.1598124504089359,"knockbackModX":0.8206521272659302,"knockbackModY":-0.14852845668792725,"hitstunDuration":0.41060179471969607,"spriteIndex":196}