{"playerName":"Player 2","jumpKey":0,"leftKey":0,"rightKey":0,"attackKey":0,"stocks":3,"groundAccelerationFactor":0.3727634847164154,"groundAcceleration":1.3346108198165894,"airAccelerationFactor":0.6905587315559387,"airAcceleration":2.3731799125671388,"maxGroundSpeed":3.580315351486206,"maxAirSpeed":3.43660831451416,"totalJumpForce":0.0,"jumpRatio":0.0,"groundJumpForce":7.262923240661621,"airJumpForce":9.400901794433594,"mass":2.239330530166626,"drag":1.9451255798339844,"widthScalar":1.0226867198944092,"heightScalar":0.8638896942138672,"gravityScalar":0.49034762382507326,"hitstunDamageScalar":0.20192399621009828,"spriteIndex":73}