{"playerName":"Player 1","jumpKey":0,"leftKey":0,"rightKey":0,"attackKey":0,"stocks":3,"groundAccelerationFactor":0.22558894753456117,"groundAcceleration":1.390005111694336,"airAccelerationFactor":0.46500423550605776,"airAcceleration":3.642193555831909,"maxGroundSpeed":6.161672115325928,"maxAirSpeed":7.8326029777526859,"totalJumpForce":0.0,"jumpRatio":0.0,"groundJumpForce":8.952322006225586,"airJumpForce":7.38599157333374,"mass":2.4013853073120119,"drag":1.2215137481689454,"widthScalar":0.9821909666061401,"heightScalar":0.6766325831413269,"gravityScalar":0.8645550608634949,"hitstunDamageScalar":0.23997247219085694,"spriteIndex":11}