{"moveDist":1.1175642013549805,"moveAngle":3.319847583770752,"moveLocX":-1.0998560190200806,"moveLocY":-0.19815801084041596,"widthScalar":0.8534849882125855,"heightScalar":1.4595978260040284,"warmUpDuration":0.4470166862010956,"executionDuration":0.36281365156173708,"coolDownDuration":0.453939288854599,"damageFactor":3.5579516887664797,"damageGiven":9.496431350708008,"knockbackScalar":14.683361053466797,"knockbackModX":0.1274358332157135,"knockbackModY":-0.002704798011109233,"hitstunDuration":0.04146674647927284,"spriteIndex":203}