{"moveDist":0.9107027649879456,"moveAngle":1.4347686767578126,"moveLocX":0.1234990730881691,"moveLocY":0.9022901058197022,"widthScalar":0.887910008430481,"heightScalar":1.3330903053283692,"warmUpDuration":0.3061138689517975,"executionDuration":0.3872673511505127,"coolDownDuration":0.3125306963920593,"damageFactor":2.592630624771118,"damageGiven":7.60795783996582,"knockbackScalar":1.1631362438201905,"knockbackModX":0.17888374626636506,"knockbackModY":0.49148571491241457,"hitstunDuration":0.44766172766685488,"spriteIndex":243}