{"playerName":"Player 1","jumpKey":0,"leftKey":0,"rightKey":0,"attackKey":0,"stocks":3,"groundAccelerationFactor":0.248386412858963,"groundAcceleration":2.0651166439056398,"airAccelerationFactor":0.11254045367240906,"airAcceleration":0.5625545978546143,"maxGroundSpeed":8.314128875732422,"maxAirSpeed":4.998687744140625,"totalJumpForce":0.0,"jumpRatio":0.0,"groundJumpForce":9.578800201416016,"airJumpForce":7.135636329650879,"mass":0.8284820914268494,"drag":1.2215137481689454,"widthScalar":0.8599732518196106,"heightScalar":0.7264202237129211,"gravityScalar":0.35573509335517886,"hitstunDamageScalar":0.15028828382492066,"spriteIndex":33}