{"playerName":"Player 2","jumpKey":0,"leftKey":0,"rightKey":0,"attackKey":0,"stocks":3,"groundAccelerationFactor":0.8829806447029114,"groundAcceleration":8.731066703796387,"airAccelerationFactor":0.5368444919586182,"airAcceleration":4.338683605194092,"maxGroundSpeed":9.888174057006836,"maxAirSpeed":8.081825256347657,"totalJumpForce":0.0,"jumpRatio":0.0,"groundJumpForce":12.91616439819336,"airJumpForce":8.773765563964844,"mass":0.6587384939193726,"drag":2.3959381580352785,"widthScalar":0.9590671062469482,"heightScalar":0.5540861487388611,"gravityScalar":1.2907404899597169,"hitstunDamageScalar":0.25537487864494326,"spriteIndex":8}