{"gameID":1,"generationNum":0,"totalDamageP1":59.67176818847656,"totalRecoveryStateTransitionP1":0.0,"totalHitsReceivedP1":10.0,"totalDamageP2":46.942325592041019,"totalRecoveryStateTransitionP2":0.0,"totalHitsReceivedP2":9.0,"totalGameLength":34.180877685546878,"fitness":17.56934356689453}