{"gameID":1,"generationNum":0,"totalDamageP1":30.063068389892579,"totalRecoveryStateTransitionP1":0.0,"totalHitsReceivedP1":3.0,"remainingStocksP1":0.0,"totalDamageP2":16.5019588470459,"totalRecoveryStateTransitionP2":0.0,"totalHitsReceivedP2":1.0,"remainingStocksP2":0.0,"totalGameLength":28.07766342163086,"fitness":-6.621944904327393}