{"gameID":1,"generationNum":0,"totalDamageP1":83.41436767578125,"totalRecoveryStateTransitionP1":0.0,"totalHitsReceivedP1":5.0,"totalDamageP2":101.05097961425781,"totalRecoveryStateTransitionP2":0.0,"totalHitsReceivedP2":8.0,"totalGameLength":12.48779296875,"fitness":-2.8293330669403078}