{"gameID":1,"generationNum":0,"totalDamageP1":241.4761199951172,"totalRecoveryStateTransitionP1":0.0,"totalHitsReceivedP1":42.0,"totalDamageP2":9.06972885131836,"totalRecoveryStateTransitionP2":9.0,"totalHitsReceivedP2":1.0,"totalGameLength":56.859375,"fitness":56.19520950317383}