{"gameID":1,"generationNum":2,"totalDamageP1":20.354740142822267,"totalRecoveryStateTransitionP1":877.0,"totalHitsReceivedP1":2.0,"totalDamageP2":201.17843627929688,"totalRecoveryStateTransitionP2":1153.0,"totalHitsReceivedP2":13.0,"totalGameLength":60.00205993652344,"fitness":-30.93111228942871}