{"moveDist":1.2251884937286378,"moveAngle":0.7846920490264893,"moveLocX":0.8669506311416626,"moveLocY":0.8657271265983582,"widthScalar":0.9229180812835693,"heightScalar":0.8843395709991455,"warmUpDuration":0.45481348037719729,"executionDuration":0.16916118562221528,"coolDownDuration":0.5731740593910217,"damageFactor":8.750175476074219,"damageGiven":15.475261688232422,"knockbackScalar":15.60919189453125,"knockbackModX":0.024840354919433595,"knockbackModY":-0.9112353324890137,"hitstunDuration":0.2146487683057785,"spriteIndex":96}