{"moveDist":1.3659729957580567,"moveAngle":1.5855283737182618,"moveLocX":-0.020122850313782693,"moveLocY":1.3658246994018555,"widthScalar":0.8718757033348084,"heightScalar":1.0995533466339112,"warmUpDuration":0.279581755399704,"executionDuration":0.2915823459625244,"coolDownDuration":0.1101461872458458,"damageFactor":0.31676340103149416,"damageGiven":5.215814113616943,"knockbackScalar":7.824570178985596,"knockbackModX":-0.4557623565196991,"knockbackModY":0.16095542907714845,"hitstunDuration":0.6810165643692017,"spriteIndex":57}