{"moveDist":0.8854438662528992,"moveAngle":1.6215808391571046,"moveLocX":-0.044947508722543719,"moveLocY":0.8843023180961609,"widthScalar":0.8517439365386963,"heightScalar":1.0727825164794922,"warmUpDuration":0.5906367897987366,"executionDuration":0.2769584059715271,"coolDownDuration":0.5164223313331604,"damageFactor":8.310559272766114,"damageGiven":16.5019588470459,"knockbackScalar":14.963154792785645,"knockbackModX":0.10821264982223511,"knockbackModY":-0.0021407604217529299,"hitstunDuration":0.10459991544485092,"spriteIndex":32}