{"moveDist":1.0589252710342408,"moveAngle":5.172210216522217,"moveLocX":0.4699382483959198,"moveLocY":-0.9489367008209229,"widthScalar":1.2884817123413087,"heightScalar":1.2866215705871583,"warmUpDuration":0.24367746710777284,"executionDuration":0.3456171452999115,"coolDownDuration":0.21402205526828767,"damageFactor":9.499832153320313,"damageGiven":12.631373405456543,"knockbackScalar":7.665926456451416,"knockbackModX":-0.6153331995010376,"knockbackModY":-0.38120394945144656,"hitstunDuration":0.005032138433307409,"spriteIndex":36}