{"moveDist":1.079872965812683,"moveAngle":6.093759536743164,"moveLocX":1.0605567693710328,"moveLocY":-0.20333464443683625,"widthScalar":1.281911849975586,"heightScalar":0.8640294671058655,"warmUpDuration":0.46366703510284426,"executionDuration":0.24839851260185243,"coolDownDuration":0.3560105860233307,"damageFactor":4.700997352600098,"damageGiven":10.02102279663086,"knockbackScalar":15.594561576843262,"knockbackModX":-0.582940936088562,"knockbackModY":0.35626518726348879,"hitstunDuration":0.8124512434005737,"spriteIndex":10}