{"moveDist":1.4766004085540772,"moveAngle":2.0323309898376467,"moveLocX":-0.6575636863708496,"moveLocY":1.3221038579940797,"widthScalar":0.7195346355438232,"heightScalar":1.3792001008987427,"warmUpDuration":0.21461722254753114,"executionDuration":0.2386275827884674,"coolDownDuration":0.2739202380180359,"damageFactor":7.119937419891357,"damageGiven":10.177370071411133,"knockbackScalar":5.876772403717041,"knockbackModX":-0.6073644161224365,"knockbackModY":-0.3557482361793518,"hitstunDuration":0.8863740563392639,"spriteIndex":236}