{"moveDist":1.0829124450683594,"moveAngle":4.050717830657959,"moveLocX":-0.665380597114563,"moveLocY":-0.8543816804885864,"widthScalar":0.8969972133636475,"heightScalar":0.916997492313385,"warmUpDuration":0.471799373626709,"executionDuration":0.28984999656677248,"coolDownDuration":0.5760320425033569,"damageFactor":8.733673095703125,"damageGiven":16.682872772216798,"knockbackScalar":14.214686393737793,"knockbackModX":0.1633901596069336,"knockbackModY":0.9733706712722778,"hitstunDuration":0.9811269044876099,"spriteIndex":124}