{"playerName":"Player 1","jumpKey":0,"leftKey":0,"rightKey":0,"attackKey":0,"stocks":3,"groundAccelerationFactor":0.20522205531597138,"groundAcceleration":1.4851303100585938,"airAccelerationFactor":0.8343982100486755,"airAcceleration":1.856650948524475,"maxGroundSpeed":7.236699104309082,"maxAirSpeed":2.225137710571289,"totalJumpForce":15.03278923034668,"jumpRatio":0.21195080876350404,"groundJumpForce":3.1862118244171144,"airJumpForce":11.846577644348145,"mass":1.21897554397583,"drag":1.5667011737823487,"widthScalar":1.146031141281128,"heightScalar":0.7875471115112305,"gravityScalar":1.2046895027160645,"hitstunDamageScalar":0.23237881064414979,"spriteIndex":82}