{"playerName":"Player 2","jumpKey":0,"leftKey":0,"rightKey":0,"attackKey":0,"stocks":3,"groundAccelerationFactor":0.2497113198041916,"groundAcceleration":0.6393223404884338,"airAccelerationFactor":0.05521446838974953,"airAcceleration":0.12266808748245239,"maxGroundSpeed":2.5602457523345949,"maxAirSpeed":2.221665620803833,"totalJumpForce":8.658807754516602,"jumpRatio":0.5525009036064148,"groundJumpForce":4.783998966217041,"airJumpForce":3.8748085498809816,"mass":1.5268975496292115,"drag":1.4205964803695679,"widthScalar":1.1874345541000367,"heightScalar":1.4372336864471436,"gravityScalar":0.4478130340576172,"hitstunDamageScalar":0.243769109249115,"spriteIndex":84}