{"playerName":"Player 2","jumpKey":0,"leftKey":0,"rightKey":0,"attackKey":0,"stocks":3,"groundAccelerationFactor":0.4704142212867737,"groundAcceleration":4.051131248474121,"airAccelerationFactor":0.06584661453962326,"airAcceleration":0.23471611738204957,"maxGroundSpeed":8.611838340759278,"maxAirSpeed":3.564589023590088,"totalJumpForce":6.7115068435668949,"jumpRatio":0.799165666103363,"groundJumpForce":5.363605976104736,"airJumpForce":1.3479009866714478,"mass":1.8070886135101319,"drag":1.5186915397644044,"widthScalar":1.1258282661437989,"heightScalar":1.1908855438232422,"gravityScalar":0.5083428025245667,"hitstunDamageScalar":0.26421257853507998,"spriteIndex":49}