{"playerName":"Player 1","jumpKey":0,"leftKey":0,"rightKey":0,"attackKey":0,"stocks":3,"groundAccelerationFactor":0.9489389657974243,"groundAcceleration":3.682029962539673,"airAccelerationFactor":0.8072531819343567,"airAcceleration":2.598618268966675,"maxGroundSpeed":3.880154609680176,"maxAirSpeed":3.2190871238708498,"totalJumpForce":5.084274768829346,"jumpRatio":0.6572182178497315,"groundJumpForce":3.341478109359741,"airJumpForce":1.742796778678894,"mass":1.1558213233947755,"drag":2.31180477142334,"widthScalar":0.9844499826431274,"heightScalar":1.0377836227416993,"gravityScalar":1.2638214826583863,"hitstunDamageScalar":0.2651199400424957,"spriteIndex":79}