{"playerName":"Player 1","jumpKey":0,"leftKey":0,"rightKey":0,"attackKey":0,"stocks":3,"groundAccelerationFactor":0.8413017392158508,"groundAcceleration":2.8348309993743898,"airAccelerationFactor":0.9623644948005676,"airAcceleration":5.980978012084961,"maxGroundSpeed":3.369576930999756,"maxAirSpeed":6.214878082275391,"totalJumpForce":7.608556747436523,"jumpRatio":0.2869091033935547,"groundJumpForce":2.1829640865325929,"airJumpForce":5.425592422485352,"mass":1.133934736251831,"drag":3.2162063121795656,"widthScalar":0.7944936752319336,"heightScalar":0.767162561416626,"gravityScalar":0.6858602166175842,"hitstunDamageScalar":0.19997799396514893,"spriteIndex":75}