{"playerName":"Player 1","jumpKey":0,"leftKey":0,"rightKey":0,"attackKey":0,"stocks":3,"groundAccelerationFactor":0.6610730290412903,"groundAcceleration":2.1372547149658205,"airAccelerationFactor":0.3570244014263153,"airAcceleration":1.8870105743408204,"maxGroundSpeed":3.233008623123169,"maxAirSpeed":5.2853827476501469,"totalJumpForce":10.534890174865723,"jumpRatio":0.6014724969863892,"groundJumpForce":6.336446762084961,"airJumpForce":4.198443412780762,"mass":0.623906135559082,"drag":4.490936279296875,"widthScalar":1.0422767400741578,"heightScalar":0.5195655226707459,"gravityScalar":0.6719777584075928,"hitstunDamageScalar":0.10709327459335327,"spriteIndex":77}