{"gameID":7,"generationNum":1,"totalDamageP1":125.47062683105469,"totalRecoveryStateTransitionP1":0.0,"totalHitsReceivedP1":15.0,"remainingStocksP1":0.0,"totalDamageP2":109.22655487060547,"totalRecoveryStateTransitionP2":0.0,"totalHitsReceivedP2":11.0,"remainingStocksP2":1.0,"totalGameLength":121.8731918334961,"fitness":50.84531021118164,"loser":"Player 1","round":0}