{"moveDist":1.0128049850463868,"moveAngle":0.45172518491744997,"moveLocX":0.9112159609794617,"moveLocY":0.4421079158782959,"widthScalar":0.8760792016983032,"heightScalar":1.4122676849365235,"warmUpDuration":0.11853380501270294,"executionDuration":0.18089619278907777,"coolDownDuration":0.5036971569061279,"damageFactor":4.189509391784668,"damageGiven":8.36470890045166,"knockbackScalar":2.8663954734802248,"knockbackModX":0.1115572527050972,"knockbackModY":0.5239574909210205,"hitstunDuration":0.6240440607070923,"spriteIndex":114}