{"playerName":"Player 2","jumpKey":0,"leftKey":0,"rightKey":0,"attackKey":0,"stocks":3,"groundAccelerationFactor":0.748357355594635,"groundAcceleration":4.137619495391846,"airAccelerationFactor":0.6796863675117493,"airAcceleration":3.0506508350372316,"maxGroundSpeed":5.528935432434082,"maxAirSpeed":4.488321304321289,"totalJumpForce":0.0,"jumpRatio":0.0,"groundJumpForce":1.9311587810516358,"airJumpForce":11.873342514038086,"mass":1.0346827507019044,"drag":5.25136661529541,"widthScalar":1.1716502904891968,"heightScalar":1.4925811290740967,"gravityScalar":0.4674087464809418,"hitstunDamageScalar":0.2546292245388031,"spriteIndex":7}