{"moveDist":1.4289021492004395,"moveAngle":1.2404788732528687,"moveLocX":0.46345487236976626,"moveLocY":1.3516548871994019,"widthScalar":0.9605555534362793,"heightScalar":0.5571916103363037,"warmUpDuration":0.2606978714466095,"executionDuration":0.309510201215744,"coolDownDuration":0.4815378785133362,"damageFactor":0.17058180272579194,"damageGiven":5.179408550262451,"knockbackScalar":1.2833833694458008,"knockbackModX":0.38288912177085879,"knockbackModY":0.02672743797302246,"hitstunDuration":0.9358474612236023,"spriteIndex":244}