{"moveDist":0.9837450981140137,"moveAngle":1.7336580753326417,"moveLocX":-0.1595071405172348,"moveLocY":0.9707275032997131,"widthScalar":1.1235383749008179,"heightScalar":1.089040756225586,"warmUpDuration":0.5111311078071594,"executionDuration":0.35995280742645266,"coolDownDuration":0.20328538119792939,"damageFactor":9.64744758605957,"damageGiven":15.364921569824219,"knockbackScalar":4.817004203796387,"knockbackModX":0.7563155889511108,"knockbackModY":0.5334733724594116,"hitstunDuration":0.3447698950767517,"spriteIndex":208}