{"playerName":"Player 2","jumpKey":0,"leftKey":0,"rightKey":0,"attackKey":0,"stocks":3,"groundAccelerationFactor":0.49539715051651,"groundAcceleration":2.912048101425171,"airAccelerationFactor":0.5447168946266174,"airAcceleration":1.4448083639144898,"maxGroundSpeed":5.878209114074707,"maxAirSpeed":2.652402400970459,"totalJumpForce":0.0,"jumpRatio":0.0,"groundJumpForce":5.824987411499023,"airJumpForce":1.1564031839370728,"mass":2.2020111083984377,"drag":5.257051944732666,"widthScalar":1.0756983757019044,"heightScalar":0.8751505017280579,"gravityScalar":1.0285942554473878,"hitstunDamageScalar":0.20975057780742646,"spriteIndex":55}