{"playerName":"Player 1","jumpKey":0,"leftKey":0,"rightKey":0,"attackKey":0,"stocks":3,"groundAccelerationFactor":0.9289780855178833,"groundAcceleration":7.225441932678223,"airAccelerationFactor":0.8720171451568604,"airAcceleration":2.6401546001434328,"maxGroundSpeed":7.777838706970215,"maxAirSpeed":3.0276408195495607,"totalJumpForce":0.0,"jumpRatio":0.0,"groundJumpForce":7.3603034019470219,"airJumpForce":13.974660873413086,"mass":2.4190688133239748,"drag":4.860936164855957,"widthScalar":0.8520371317863464,"heightScalar":0.5326682925224304,"gravityScalar":0.6968154907226563,"hitstunDamageScalar":0.19822226464748383,"spriteIndex":44}