{"moveDist":1.1175642013549805,"moveAngle":3.319847583770752,"moveLocX":-1.0998560190200806,"moveLocY":-0.19815801084041596,"widthScalar":0.8534849882125855,"heightScalar":1.4595978260040284,"warmUpDuration":0.4470166862010956,"executionDuration":0.36281365156173708,"coolDownDuration":0.5488772988319397,"damageFactor":7.90187406539917,"damageGiven":15.736336708068848,"knockbackScalar":10.495064735412598,"knockbackModX":0.8847959637641907,"knockbackModY":0.04829573631286621,"hitstunDuration":0.4382508397102356,"spriteIndex":203}