{"playerName":"Player 2","jumpKey":0,"leftKey":0,"rightKey":0,"attackKey":0,"stocks":3,"groundAccelerationFactor":0.3727634847164154,"groundAcceleration":3.68595027923584,"airAccelerationFactor":0.6905587315559387,"airAcceleration":1.4937458038330079,"maxGroundSpeed":9.888174057006836,"maxAirSpeed":2.163097381591797,"totalJumpForce":0.0,"jumpRatio":0.0,"groundJumpForce":8.425140380859375,"airJumpForce":9.400901794433594,"mass":0.5211779475212097,"drag":1.9451255798339844,"widthScalar":1.0226867198944092,"heightScalar":0.8638896942138672,"gravityScalar":0.6527295708656311,"hitstunDamageScalar":0.2421184480190277,"spriteIndex":10}