{"moveDist":1.016872525215149,"moveAngle":5.046623229980469,"moveLocX":0.333580881357193,"moveLocY":-0.9606006145477295,"widthScalar":0.9188071489334106,"heightScalar":0.5840824842453003,"warmUpDuration":0.10166268795728684,"executionDuration":0.12285333126783371,"coolDownDuration":0.1267951875925064,"damageFactor":3.680431365966797,"damageGiven":6.2929768562316898,"knockbackScalar":6.1767168045043949,"knockbackModX":0.35255876183509829,"knockbackModY":0.7072822451591492,"hitstunDuration":0.9872012734413147,"spriteIndex":200}