{"moveDist":1.3144679069519044,"moveAngle":3.027536392211914,"moveLocX":-1.3059272766113282,"moveLocY":0.14959844946861268,"widthScalar":0.6365530490875244,"heightScalar":1.132981300354004,"warmUpDuration":0.4830256998538971,"executionDuration":0.38919001817703249,"coolDownDuration":0.5231220126152039,"damageFactor":6.513347625732422,"damageGiven":14.088319778442383,"knockbackScalar":13.756149291992188,"knockbackModX":0.867301344871521,"knockbackModY":0.9436174631118774,"hitstunDuration":0.4940226376056671,"spriteIndex":32}