{"playerName":"Player 2","jumpKey":0,"leftKey":0,"rightKey":0,"attackKey":0,"stocks":3,"groundAccelerationFactor":0.055177997797727588,"groundAcceleration":0.38005325198173525,"airAccelerationFactor":0.17105381190776826,"airAcceleration":0.8224362134933472,"maxGroundSpeed":6.887768268585205,"maxAirSpeed":4.808055400848389,"totalJumpForce":0.0,"jumpRatio":0.0,"groundJumpForce":8.857538223266602,"airJumpForce":11.660412788391114,"mass":1.07023024559021,"drag":3.303515911102295,"widthScalar":1.0152344703674317,"heightScalar":1.210979700088501,"gravityScalar":0.6348847150802612,"hitstunDamageScalar":0.15419301390647889,"spriteIndex":50}