{"moveDist":1.3248027563095093,"moveAngle":4.859436511993408,"moveLocX":0.19410768151283265,"moveLocY":-1.3105055093765259,"widthScalar":1.3269857168197632,"heightScalar":0.9663413166999817,"warmUpDuration":0.33457574248313906,"executionDuration":0.2614474892616272,"coolDownDuration":0.5667173266410828,"damageFactor":8.819873809814454,"damageGiven":15.25522518157959,"knockbackScalar":12.56849193572998,"knockbackModX":0.011525060050189495,"knockbackModY":-0.047779619693756106,"hitstunDuration":0.8492761254310608,"spriteIndex":10}