{"moveDist":1.0031195878982545,"moveAngle":0.1871928721666336,"moveLocX":0.9855956435203552,"moveLocY":0.1866821050643921,"widthScalar":0.696928083896637,"heightScalar":0.7344789505004883,"warmUpDuration":0.5962802171707153,"executionDuration":0.12417764216661453,"coolDownDuration":0.35108575224876406,"damageFactor":7.127050399780273,"damageGiven":12.636945724487305,"knockbackScalar":8.245340347290039,"knockbackModX":-0.8949227929115295,"knockbackModY":0.8138525485992432,"hitstunDuration":0.7167721390724182,"spriteIndex":151}