{"playerName":"Player 1","jumpKey":0,"leftKey":0,"rightKey":0,"attackKey":0,"stocks":3,"groundAccelerationFactor":0.9209201335906982,"groundAcceleration":2.5031139850616457,"airAccelerationFactor":0.9992626309394836,"airAcceleration":9.937520027160645,"maxGroundSpeed":2.718057632446289,"maxAirSpeed":9.944852828979493,"totalJumpForce":0.0,"jumpRatio":0.0,"groundJumpForce":5.409945964813232,"airJumpForce":3.144455909729004,"mass":1.103754997253418,"drag":5.103678226470947,"widthScalar":1.0356453657150269,"heightScalar":0.8327836990356445,"gravityScalar":0.8645550608634949,"hitstunDamageScalar":0.12999561429023744,"spriteIndex":5}