{"moveDist":1.3481950759887696,"moveAngle":4.7139668464660648,"moveLocX":0.002127270447090268,"moveLocY":-1.3481934070587159,"widthScalar":0.8549436330795288,"heightScalar":0.9663413166999817,"warmUpDuration":0.33457574248313906,"executionDuration":0.16444504261016847,"coolDownDuration":0.5400499701499939,"damageFactor":4.1981401443481449,"damageGiven":9.362164497375489,"knockbackScalar":10.181139945983887,"knockbackModX":-0.011525060050189495,"knockbackModY":-0.9643667936325073,"hitstunDuration":0.8492761254310608,"spriteIndex":231}