{"moveDist":0.8092668056488037,"moveAngle":1.396885871887207,"moveLocX":0.1400315910577774,"moveLocY":0.7970595359802246,"widthScalar":1.416832447052002,"heightScalar":0.9765524864196777,"warmUpDuration":0.5496366024017334,"executionDuration":0.28384485840797427,"coolDownDuration":0.4357128441333771,"damageFactor":6.154709339141846,"damageGiven":12.811522483825684,"knockbackScalar":4.5864458084106449,"knockbackModX":-0.9656069874763489,"knockbackModY":-0.14852845668792725,"hitstunDuration":0.41060179471969607,"spriteIndex":36}