{"playerName":"Player 1","jumpKey":0,"leftKey":0,"rightKey":0,"attackKey":0,"stocks":3,"groundAccelerationFactor":0.7659777998924255,"groundAcceleration":6.401321887969971,"airAccelerationFactor":0.42876386642456057,"airAcceleration":1.5308927297592164,"maxGroundSpeed":8.357059478759766,"maxAirSpeed":3.5704798698425295,"totalJumpForce":0.0,"jumpRatio":0.0,"groundJumpForce":9.584362030029297,"airJumpForce":6.398930072784424,"mass":1.4941842555999756,"drag":4.27274751663208,"widthScalar":0.9176663160324097,"heightScalar":1.012840986251831,"gravityScalar":0.8645550608634949,"hitstunDamageScalar":0.2965978980064392,"spriteIndex":66}