{"playerName":"Player 2","jumpKey":0,"leftKey":0,"rightKey":0,"attackKey":0,"stocks":3,"groundAccelerationFactor":0.7571535110473633,"groundAcceleration":4.445245742797852,"airAccelerationFactor":0.6905587315559387,"airAcceleration":3.476951837539673,"maxGroundSpeed":5.870996475219727,"maxAirSpeed":5.0349836349487309,"totalJumpForce":0.0,"jumpRatio":0.0,"groundJumpForce":2.5875675678253176,"airJumpForce":9.021214485168457,"mass":1.1064471006393433,"drag":1.1714872121810914,"widthScalar":0.9866138696670532,"heightScalar":1.3916877508163453,"gravityScalar":0.38511353731155398,"hitstunDamageScalar":0.20192399621009828,"spriteIndex":63}