{"moveDist":1.0989784002304078,"moveAngle":2.6587119102478029,"moveLocX":-0.973322331905365,"moveLocY":0.510291337966919,"widthScalar":0.8139450550079346,"heightScalar":0.9214701652526856,"warmUpDuration":0.10303438454866409,"executionDuration":0.2552744746208191,"coolDownDuration":0.5667173266410828,"damageFactor":7.357122898101807,"damageGiven":11.80553150177002,"knockbackScalar":3.655388116836548,"knockbackModX":-0.03656288981437683,"knockbackModY":-0.2007729709148407,"hitstunDuration":0.4324509799480438,"spriteIndex":160}