{"moveDist":1.1979138851165772,"moveAngle":5.195136547088623,"moveLocX":0.5560889840126038,"moveLocY":-1.0610196590423585,"widthScalar":1.2089544534683228,"heightScalar":0.9941388368606567,"warmUpDuration":0.1343419998884201,"executionDuration":0.29320645332336428,"coolDownDuration":0.17608170211315156,"damageFactor":6.410975456237793,"damageGiven":8.869857788085938,"knockbackScalar":7.628924369812012,"knockbackModX":-0.45361942052841189,"knockbackModY":-0.8114900588989258,"hitstunDuration":0.48051008582115176,"spriteIndex":190}