{"playerName":"Player 1","jumpKey":0,"leftKey":0,"rightKey":0,"attackKey":0,"stocks":3,"groundAccelerationFactor":0.6486946940422058,"groundAcceleration":3.1405911445617677,"airAccelerationFactor":0.20409828424453736,"airAcceleration":0.9026559591293335,"maxGroundSpeed":4.841401100158691,"maxAirSpeed":4.4226531982421879,"totalJumpForce":0.0,"jumpRatio":0.0,"groundJumpForce":2.1176645755767824,"airJumpForce":13.30670166015625,"mass":1.008639931678772,"drag":1.3417654037475587,"widthScalar":1.0765615701675416,"heightScalar":1.4464290142059327,"gravityScalar":0.3516220450401306,"hitstunDamageScalar":0.20009982585906983,"spriteIndex":33}