{"playerName":"Player 2","jumpKey":0,"leftKey":0,"rightKey":0,"attackKey":0,"stocks":3,"groundAccelerationFactor":0.5165314078330994,"groundAcceleration":1.1790255308151246,"airAccelerationFactor":0.9359049797058106,"airAcceleration":4.475494384765625,"maxGroundSpeed":2.2825825214385988,"maxAirSpeed":4.781996726989746,"totalJumpForce":0.0,"jumpRatio":0.0,"groundJumpForce":2.3699257373809816,"airJumpForce":7.695834159851074,"mass":2.0017008781433107,"drag":4.495125770568848,"widthScalar":1.2090431451797486,"heightScalar":0.5886335968971252,"gravityScalar":0.5616728067398071,"hitstunDamageScalar":0.22570422291755677,"spriteIndex":5}