{"gameID":0,"generationNum":2,"totalDamageP1":36.17156219482422,"totalRecoveryStateTransitionP1":1213.0,"totalHitsReceivedP1":5.0,"remainingStocksP1":0.0,"totalDamageP2":41.49134063720703,"totalRecoveryStateTransitionP2":1593.0,"totalHitsReceivedP2":4.0,"remainingStocksP2":0.0,"totalGameLength":39.3624267578125,"fitness":13.596738815307618,"loser":"Player 1","round":2}