{"moveDist":0.8601676225662231,"moveAngle":3.071481704711914,"moveLocX":-0.8580543994903565,"moveLocY":0.06025777384638786,"widthScalar":1.4255379438400269,"heightScalar":1.1692273616790772,"warmUpDuration":0.19059407711029054,"executionDuration":0.39043256640434267,"coolDownDuration":0.4188659191131592,"damageFactor":6.799070358276367,"damageGiven":11.79833984375,"knockbackScalar":10.317638397216797,"knockbackModX":0.11125731468200684,"knockbackModY":0.6721531748771668,"hitstunDuration":0.39698708057403567,"spriteIndex":122}