{"moveDist":1.0361522436141968,"moveAngle":6.226475238800049,"moveLocX":1.0344865322113038,"moveLocY":-0.05872877314686775,"widthScalar":0.533329427242279,"heightScalar":0.5639411211013794,"warmUpDuration":0.49678465723991396,"executionDuration":0.35185790061950686,"coolDownDuration":0.21409562230110169,"damageFactor":8.924468994140625,"damageGiven":14.484374046325684,"knockbackScalar":11.999774932861329,"knockbackModX":0.4260925352573395,"knockbackModY":0.6764408349990845,"hitstunDuration":0.14639268815517426,"spriteIndex":264}