{"playerName":"Player 2","jumpKey":0,"leftKey":0,"rightKey":0,"attackKey":0,"stocks":3,"groundAccelerationFactor":0.964346170425415,"groundAcceleration":4.193986892700195,"airAccelerationFactor":0.15804126858711244,"airAcceleration":1.0449899435043336,"maxGroundSpeed":4.3490471839904789,"maxAirSpeed":6.612133502960205,"totalJumpForce":0.0,"jumpRatio":0.0,"groundJumpForce":12.120291709899903,"airJumpForce":3.9644625186920168,"mass":2.4679291248321535,"drag":3.2066733837127687,"widthScalar":1.4493788480758668,"heightScalar":0.9554247856140137,"gravityScalar":0.34259718656539919,"hitstunDamageScalar":0.26819348335266116,"spriteIndex":24}