{"playerName":"Player 1","jumpKey":0,"leftKey":0,"rightKey":0,"attackKey":0,"stocks":3,"groundAccelerationFactor":0.9303649067878723,"groundAcceleration":2.3077962398529054,"airAccelerationFactor":0.5351404547691345,"airAcceleration":2.147084951400757,"maxGroundSpeed":2.4805281162261965,"maxAirSpeed":4.0121893882751469,"totalJumpForce":0.0,"jumpRatio":0.0,"groundJumpForce":2.0564846992492677,"airJumpForce":7.386873245239258,"mass":1.214564323425293,"drag":4.718711853027344,"widthScalar":1.402285099029541,"heightScalar":1.2279462814331055,"gravityScalar":0.8400048017501831,"hitstunDamageScalar":0.17509114742279054,"spriteIndex":45}