{"gameID":2,"generationNum":1,"totalDamageP1":111.60140228271485,"totalRecoveryStateTransitionP1":0.0,"totalHitsReceivedP1":12.0,"remainingStocksP1":1.0,"totalDamageP2":162.96043395996095,"totalRecoveryStateTransitionP2":0.0,"totalHitsReceivedP2":17.0,"remainingStocksP2":2.0,"totalGameLength":60.01426696777344,"fitness":4.306014060974121,"loser":"draw"}