{"gameID":2,"generationNum":0,"totalDamageP1":41.90815353393555,"totalRecoveryStateTransitionP1":0.0,"totalHitsReceivedP1":5.0,"totalDamageP2":92.24958801269531,"totalRecoveryStateTransitionP2":0.0,"totalHitsReceivedP2":5.0,"totalGameLength":38.998870849609378,"fitness":12.380501747131348}