{"gameID":2,"generationNum":0,"totalDamageP1":27.639799118041993,"totalRecoveryStateTransitionP1":38.0,"totalHitsReceivedP1":2.0,"totalDamageP2":11.4614896774292,"totalRecoveryStateTransitionP2":0.0,"totalHitsReceivedP2":1.0,"totalGameLength":15.19146728515625,"fitness":-24.5162353515625}