{"gameID":2,"generationNum":2,"totalDamageP1":24.625995635986329,"totalRecoveryStateTransitionP1":243.0,"totalHitsReceivedP1":2.0,"totalDamageP2":0.0,"totalRecoveryStateTransitionP2":536.0,"totalHitsReceivedP2":0.0,"totalGameLength":19.301124572753908,"fitness":-23.698875427246095}