{"gameID":2,"generationNum":0,"totalDamageP1":17.2482852935791,"totalRecoveryStateTransitionP1":479.0,"totalHitsReceivedP1":3.0,"totalDamageP2":41.12018966674805,"totalRecoveryStateTransitionP2":1171.0,"totalHitsReceivedP2":4.0,"totalGameLength":49.021484375,"fitness":8.815362930297852}