{"moveDist":0.9502027034759522,"moveAngle":3.5391719341278078,"moveLocX":-0.8760877847671509,"moveLocY":-0.36790668964385989,"widthScalar":0.6428760290145874,"heightScalar":0.7639651894569397,"warmUpDuration":0.41144630312919619,"executionDuration":0.2966448962688446,"coolDownDuration":0.1473730057477951,"damageFactor":2.831857442855835,"damageGiven":7.422552585601807,"knockbackScalar":9.734355926513672,"knockbackModX":0.7336164712905884,"knockbackModY":0.3053237199783325,"hitstunDuration":0.5013616681098938,"spriteIndex":264}