{"moveDist":0.8029875755310059,"moveAngle":3.7232818603515627,"moveLocX":-0.6709247827529907,"moveLocY":-0.44119036197662356,"widthScalar":1.1524462699890137,"heightScalar":0.5970599055290222,"warmUpDuration":0.3223836421966553,"executionDuration":0.27147361636161806,"coolDownDuration":0.22138161957263947,"damageFactor":2.6493916511535646,"damageGiven":7.159887313842773,"knockbackScalar":12.271734237670899,"knockbackModX":0.09501907974481583,"knockbackModY":0.5782550573348999,"hitstunDuration":0.8855827450752258,"spriteIndex":4}