{"moveDist":1.0489492416381837,"moveAngle":1.4730204343795777,"moveLocX":0.10239860415458679,"moveLocY":1.043939232826233,"widthScalar":0.9936385750770569,"heightScalar":0.662642776966095,"warmUpDuration":0.5143901705741882,"executionDuration":0.31772229075431826,"coolDownDuration":0.5551512241363525,"damageFactor":8.613654136657715,"damageGiven":16.94940948486328,"knockbackScalar":12.047431945800782,"knockbackModX":0.05917833745479584,"knockbackModY":-0.025517862290143968,"hitstunDuration":0.8545947670936585,"spriteIndex":157}