{"moveDist":0.9670206904411316,"moveAngle":4.23030948638916,"moveLocX":-0.4483327269554138,"moveLocY":-0.8568120002746582,"widthScalar":0.8718757033348084,"heightScalar":0.5788131952285767,"warmUpDuration":0.5778523087501526,"executionDuration":0.3745729923248291,"coolDownDuration":0.517427921295166,"damageFactor":9.150516510009766,"damageGiven":18.44991683959961,"knockbackScalar":7.824570178985596,"knockbackModX":-0.014735004864633084,"knockbackModY":-0.8262269496917725,"hitstunDuration":0.6810165643692017,"spriteIndex":85}