{"moveDist":1.4412394762039185,"moveAngle":0.049044422805309299,"moveLocX":1.4395064115524293,"moveLocY":0.0706564262509346,"widthScalar":1.060768485069275,"heightScalar":0.7888813614845276,"warmUpDuration":0.4510597288608551,"executionDuration":0.15090326964855195,"coolDownDuration":0.4584391415119171,"damageFactor":4.055175304412842,"damageGiven":9.300116539001465,"knockbackScalar":6.162217140197754,"knockbackModX":0.05327685549855232,"knockbackModY":-0.4076516032218933,"hitstunDuration":0.9214619994163513,"spriteIndex":150}