{"moveDist":1.476428747177124,"moveAngle":4.527891159057617,"moveLocX":-0.2708551287651062,"moveLocY":-1.4513715505599976,"widthScalar":1.1303263902664185,"heightScalar":0.5782086253166199,"warmUpDuration":0.576806902885437,"executionDuration":0.3642207086086273,"coolDownDuration":0.33877110481262209,"damageFactor":2.6423146724700929,"damageGiven":8.381630897521973,"knockbackScalar":5.752217769622803,"knockbackModX":0.4939432442188263,"knockbackModY":-0.3490888476371765,"hitstunDuration":0.04459632560610771,"spriteIndex":206}