{"moveDist":1.1319411993026734,"moveAngle":6.02252197265625,"moveLocX":1.0937033891677857,"moveLocY":-0.29172563552856448,"widthScalar":0.5338760614395142,"heightScalar":1.0620810985565186,"warmUpDuration":0.35756203532218935,"executionDuration":0.16570603847503663,"coolDownDuration":0.17843148112297059,"damageFactor":5.390510082244873,"damageGiven":8.78251838684082,"knockbackScalar":11.530367851257325,"knockbackModX":0.1372195929288864,"knockbackModY":-0.877852737903595,"hitstunDuration":0.8499819040298462,"spriteIndex":235}