{"moveDist":1.1565519571304322,"moveAngle":4.407802104949951,"moveLocX":-0.34684890508651736,"moveLocY":-1.1033169031143189,"widthScalar":1.296972632408142,"heightScalar":1.3173710107803345,"warmUpDuration":0.46287107467651369,"executionDuration":0.1917237937450409,"coolDownDuration":0.25879380106925967,"damageFactor":8.733673095703125,"damageGiven":12.977237701416016,"knockbackScalar":14.214686393737793,"knockbackModX":0.4660707712173462,"knockbackModY":-0.8853409886360169,"hitstunDuration":0.9255971312522888,"spriteIndex":110}