{"moveDist":1.0187503099441529,"moveAngle":6.077188491821289,"moveLocX":0.9972114562988281,"moveLocY":-0.20837824046611787,"widthScalar":1.0137604475021363,"heightScalar":1.230125904083252,"warmUpDuration":0.27216267585754397,"executionDuration":0.15495654940605164,"coolDownDuration":0.3198632001876831,"damageFactor":2.99487566947937,"damageGiven":7.237119674682617,"knockbackScalar":1.4698593616485596,"knockbackModX":-0.9440973401069641,"knockbackModY":0.805207371711731,"hitstunDuration":0.8793531656265259,"spriteIndex":236}