{"moveDist":0.9726953506469727,"moveAngle":5.195752143859863,"moveLocX":0.45206958055496218,"moveLocY":-0.8612603545188904,"widthScalar":0.6046974658966065,"heightScalar":1.4321826696395875,"warmUpDuration":0.3507474362850189,"executionDuration":0.38357025384902956,"coolDownDuration":0.22499573230743409,"damageFactor":7.623157978057861,"damageGiven":12.312997817993164,"knockbackScalar":2.6132586002349855,"knockbackModX":-0.3538053631782532,"knockbackModY":0.4961731433868408,"hitstunDuration":0.11307398229837418,"spriteIndex":190}