{"playerName":"Player 2","jumpKey":0,"leftKey":0,"rightKey":0,"attackKey":0,"stocks":3,"groundAccelerationFactor":0.2516629099845886,"groundAcceleration":0.8018752336502075,"airAccelerationFactor":0.47891178727149966,"airAcceleration":1.6454358100891114,"maxGroundSpeed":3.1863067150115969,"maxAirSpeed":3.4357805252075197,"totalJumpForce":8.735052108764649,"jumpRatio":0.7268176674842835,"groundJumpForce":6.348790168762207,"airJumpForce":2.3862619400024416,"mass":1.1700687408447266,"drag":4.382230281829834,"widthScalar":1.0291386842727662,"heightScalar":0.5733470916748047,"gravityScalar":1.0140266418457032,"hitstunDamageScalar":0.23377922177314759,"spriteIndex":17}