{"playerName":"Player 1","jumpKey":0,"leftKey":0,"rightKey":0,"attackKey":0,"stocks":3,"groundAccelerationFactor":0.6610730290412903,"groundAcceleration":2.1372547149658205,"airAccelerationFactor":0.8148979544639587,"airAcceleration":4.307047367095947,"maxGroundSpeed":3.233008623123169,"maxAirSpeed":5.2853827476501469,"totalJumpForce":5.7307562828063969,"jumpRatio":0.6014724969863892,"groundJumpForce":3.446892261505127,"airJumpForce":2.2838640213012697,"mass":0.623906135559082,"drag":1.9786776304244996,"widthScalar":1.4408949613571168,"heightScalar":1.0478036403656006,"gravityScalar":0.6580095291137695,"hitstunDamageScalar":0.2166798710823059,"spriteIndex":63}