{"playerName":"Player 2","jumpKey":0,"leftKey":0,"rightKey":0,"attackKey":0,"stocks":3,"groundAccelerationFactor":0.2616683542728424,"groundAcceleration":1.4475923776626588,"airAccelerationFactor":0.452776700258255,"airAcceleration":4.48809289932251,"maxGroundSpeed":5.532164573669434,"maxAirSpeed":9.912376403808594,"totalJumpForce":12.656867980957032,"jumpRatio":0.8427979946136475,"groundJumpForce":10.667182922363282,"airJumpForce":1.98968505859375,"mass":2.22340989112854,"drag":4.723437786102295,"widthScalar":0.7748359441757202,"heightScalar":0.8635759353637695,"gravityScalar":0.9003099203109741,"hitstunDamageScalar":0.19204027950763703,"spriteIndex":22}