{"playerName":"Player 2","jumpKey":0,"leftKey":0,"rightKey":0,"attackKey":0,"stocks":3,"groundAccelerationFactor":0.6816424131393433,"groundAcceleration":3.5078001022338869,"airAccelerationFactor":0.34288519620895388,"airAcceleration":0.9502177238464356,"maxGroundSpeed":5.146100044250488,"maxAirSpeed":2.7712416648864748,"totalJumpForce":6.487275123596191,"jumpRatio":0.37221741676330569,"groundJumpForce":2.4146769046783449,"airJumpForce":4.072598457336426,"mass":2.043264627456665,"drag":3.0329301357269289,"widthScalar":0.7300002574920654,"heightScalar":1.2664752006530762,"gravityScalar":0.8723573684692383,"hitstunDamageScalar":0.20764052867889405,"spriteIndex":57}