{"playerName":"Player 1","jumpKey":0,"leftKey":0,"rightKey":0,"attackKey":0,"stocks":3,"groundAccelerationFactor":0.8527241349220276,"groundAcceleration":7.141867160797119,"airAccelerationFactor":0.29767605662345889,"airAcceleration":2.3759686946868898,"maxGroundSpeed":8.375354766845704,"maxAirSpeed":7.981726169586182,"totalJumpForce":6.456725120544434,"jumpRatio":0.8809788823127747,"groundJumpForce":5.688238620758057,"airJumpForce":0.7684866189956665,"mass":0.6045409440994263,"drag":1.6226848363876343,"widthScalar":1.1239274740219117,"heightScalar":1.3463456630706788,"gravityScalar":1.0667595863342286,"hitstunDamageScalar":0.1150253415107727,"spriteIndex":37}