{"playerName":"Player 1","jumpKey":0,"leftKey":0,"rightKey":0,"attackKey":0,"stocks":3,"groundAccelerationFactor":0.869789719581604,"groundAcceleration":4.530677318572998,"airAccelerationFactor":0.5127694606781006,"airAcceleration":1.6344844102859498,"maxGroundSpeed":5.208934307098389,"maxAirSpeed":3.1875619888305666,"totalJumpForce":8.850187301635743,"jumpRatio":0.3427516520023346,"groundJumpForce":3.033416271209717,"airJumpForce":5.816771030426025,"mass":2.207874298095703,"drag":1.0304269790649415,"widthScalar":0.8520342111587524,"heightScalar":1.362992763519287,"gravityScalar":0.3491441607475281,"hitstunDamageScalar":0.21336951851844788,"spriteIndex":33}