{"playerName":"Player 2","jumpKey":0,"leftKey":0,"rightKey":0,"attackKey":0,"stocks":3,"groundAccelerationFactor":0.46176522970199587,"groundAcceleration":2.3403372764587404,"airAccelerationFactor":0.26251357793807986,"airAcceleration":0.6708270311355591,"maxGroundSpeed":5.068240642547607,"maxAirSpeed":2.5553994178771974,"totalJumpForce":13.515792846679688,"jumpRatio":0.5879583954811096,"groundJumpForce":7.946723937988281,"airJumpForce":5.569068908691406,"mass":2.031765937805176,"drag":2.846595287322998,"widthScalar":1.0822151899337769,"heightScalar":0.5120173692703247,"gravityScalar":0.6742614507675171,"hitstunDamageScalar":0.2561562657356262,"spriteIndex":60}