{"moveDist":1.1314811706542969,"moveAngle":5.94120454788208,"moveLocX":1.0659595727920533,"moveLocY":-0.37944653630256655,"widthScalar":0.5423982739448547,"heightScalar":1.1959327459335328,"warmUpDuration":0.24603086709976197,"executionDuration":0.28384485840797427,"coolDownDuration":0.4357128441333771,"damageFactor":6.154709339141846,"damageGiven":10.942916870117188,"knockbackScalar":1.7546941041946412,"knockbackModX":-0.3598088324069977,"knockbackModY":0.517662525177002,"hitstunDuration":0.5351691842079163,"spriteIndex":248}