{"playerName":"Player 1","jumpKey":0,"leftKey":0,"rightKey":0,"attackKey":0,"stocks":3,"groundAccelerationFactor":0.49438291788101199,"groundAcceleration":4.538379669189453,"airAccelerationFactor":0.6682240962982178,"airAcceleration":2.8731167316436769,"maxGroundSpeed":9.179887771606446,"maxAirSpeed":4.299630641937256,"totalJumpForce":0.0,"jumpRatio":0.0,"groundJumpForce":9.578800201416016,"airJumpForce":7.135636329650879,"mass":0.5459638237953186,"drag":5.103678226470947,"widthScalar":0.9176663160324097,"heightScalar":0.8327836990356445,"gravityScalar":1.1842262744903565,"hitstunDamageScalar":0.27043983340263369,"spriteIndex":45}