{"playerName":"Player 2","jumpKey":0,"leftKey":0,"rightKey":0,"attackKey":0,"stocks":3,"groundAccelerationFactor":0.964346170425415,"groundAcceleration":7.797802925109863,"airAccelerationFactor":0.5456950068473816,"airAcceleration":1.5581830739974976,"maxGroundSpeed":8.086103439331055,"maxAirSpeed":2.855410099029541,"totalJumpForce":0.0,"jumpRatio":0.0,"groundJumpForce":5.539237022399902,"airJumpForce":9.456182479858399,"mass":0.7345544695854187,"drag":2.0359277725219728,"widthScalar":1.4493788480758668,"heightScalar":0.9554247856140137,"gravityScalar":1.2230753898620606,"hitstunDamageScalar":0.13493163883686067,"spriteIndex":56}