{"gameID":19,"generationNum":1,"totalDamageP1":6.094945907592773,"totalRecoveryStateTransitionP1":201.0,"totalHitsReceivedP1":1.0,"remainingStocksP1":0.0,"totalDamageP2":53.365840911865237,"totalRecoveryStateTransitionP2":273.0,"totalHitsReceivedP2":4.0,"remainingStocksP2":0.0,"totalGameLength":25.62530517578125,"fitness":-10.155706405639649,"loser":"Player 1","round":0}