{"moveDist":1.1684331893920899,"moveAngle":1.4996057748794556,"moveLocX":0.08311115950345993,"moveLocY":1.1654735803604127,"widthScalar":0.8332074880599976,"heightScalar":0.7393127679824829,"warmUpDuration":0.44839513301849368,"executionDuration":0.37701621651649477,"coolDownDuration":0.17799249291419984,"damageFactor":8.313163757324219,"damageGiven":13.341460227966309,"knockbackScalar":15.98114013671875,"knockbackModX":0.8990961909294128,"knockbackModY":-0.9429267048835754,"hitstunDuration":0.683871328830719,"spriteIndex":157}