{"moveDist":1.116699457168579,"moveAngle":3.435330629348755,"moveLocX":-1.0688693523406983,"moveLocY":-0.3233203589916229,"widthScalar":0.7320448160171509,"heightScalar":1.3536756038665772,"warmUpDuration":0.2684650421142578,"executionDuration":0.14874958992004395,"coolDownDuration":0.12477782368659973,"damageFactor":2.020223617553711,"damageGiven":6.094945907592773,"knockbackScalar":13.646427154541016,"knockbackModX":0.23421610891819,"knockbackModY":0.509442925453186,"hitstunDuration":0.44647926092147829,"spriteIndex":189}