{"playerName":"Player 2","jumpKey":0,"leftKey":0,"rightKey":0,"attackKey":0,"stocks":3,"groundAccelerationFactor":0.2876407504081726,"groundAcceleration":2.6594014167785646,"airAccelerationFactor":0.025900594890117646,"airAcceleration":0.2298458218574524,"maxGroundSpeed":9.245565414428711,"maxAirSpeed":8.874152183532715,"totalJumpForce":0.0,"jumpRatio":0.0,"groundJumpForce":12.462160110473633,"airJumpForce":5.943119525909424,"mass":1.004257082939148,"drag":4.6204071044921879,"widthScalar":1.237430214881897,"heightScalar":0.692602813243866,"gravityScalar":1.0517191886901856,"hitstunDamageScalar":0.10167374461889267,"spriteIndex":12}