{"playerName":"Player 1","jumpKey":0,"leftKey":0,"rightKey":0,"attackKey":0,"stocks":3,"groundAccelerationFactor":0.1728423535823822,"groundAcceleration":0.757257878780365,"airAccelerationFactor":0.4372934401035309,"airAcceleration":3.577875852584839,"maxGroundSpeed":4.3812055587768559,"maxAirSpeed":8.181864738464356,"totalJumpForce":0.0,"jumpRatio":0.0,"groundJumpForce":6.252532482147217,"airJumpForce":3.2776591777801515,"mass":0.5286964178085327,"drag":2.3663439750671388,"widthScalar":0.7444123029708862,"heightScalar":0.8473389148712158,"gravityScalar":0.8036659955978394,"hitstunDamageScalar":0.21861082315444947,"spriteIndex":76}