{"moveDist":1.365759253501892,"moveAngle":5.8184494972229,"moveLocX":1.2209068536758423,"moveLocY":-0.6121150255203247,"widthScalar":1.311179757118225,"heightScalar":1.1629441976547242,"warmUpDuration":0.10166268795728684,"executionDuration":0.23243960738182069,"coolDownDuration":0.5833878517150879,"damageFactor":6.9316511154174809,"damageGiven":11.359721183776856,"knockbackScalar":2.8359951972961427,"knockbackModX":0.01775144413113594,"knockbackModY":-0.28920412063598635,"hitstunDuration":0.7061462998390198,"spriteIndex":81}