{"moveDist":0.9039716720581055,"moveAngle":5.879110813140869,"moveLocX":0.8311718106269836,"moveLocY":-0.35541269183158877,"widthScalar":1.076912760734558,"heightScalar":1.051900863647461,"warmUpDuration":0.498107373714447,"executionDuration":0.24152693152427674,"coolDownDuration":0.18150213360786439,"damageFactor":6.341241836547852,"damageGiven":10.84114933013916,"knockbackScalar":7.013733386993408,"knockbackModX":-0.41741999983787539,"knockbackModY":-0.688683032989502,"hitstunDuration":0.16729781031608582,"spriteIndex":239}