{"playerName":"Player 2","jumpKey":0,"leftKey":0,"rightKey":0,"attackKey":0,"stocks":3,"groundAccelerationFactor":0.5237016677856445,"groundAcceleration":2.866408348083496,"airAccelerationFactor":0.8343157768249512,"airAcceleration":5.2829389572143559,"maxGroundSpeed":5.473361015319824,"maxAirSpeed":6.332061767578125,"totalJumpForce":0.0,"jumpRatio":0.0,"groundJumpForce":9.565729141235352,"airJumpForce":5.3423686027526859,"mass":0.8368903398513794,"drag":1.774808406829834,"widthScalar":1.0831218957901,"heightScalar":1.157391905784607,"gravityScalar":0.791223406791687,"hitstunDamageScalar":0.27813762426376345,"spriteIndex":35}