{"playerName":"Player 1","jumpKey":0,"leftKey":0,"rightKey":0,"attackKey":0,"stocks":3,"groundAccelerationFactor":0.5572095513343811,"groundAcceleration":4.471271514892578,"airAccelerationFactor":0.3180617392063141,"airAcceleration":1.2794922590255738,"maxGroundSpeed":8.024398803710938,"maxAirSpeed":4.02277946472168,"totalJumpForce":0.0,"jumpRatio":0.0,"groundJumpForce":14.147440910339356,"airJumpForce":11.552043914794922,"mass":1.7516180276870728,"drag":4.850626468658447,"widthScalar":1.2923638820648194,"heightScalar":1.050740122795105,"gravityScalar":0.30372151732444765,"hitstunDamageScalar":0.1352696716785431,"spriteIndex":79}