{"gameID":9,"generationNum":0,"totalDamageP1":5.96717643737793,"totalRecoveryStateTransitionP1":1.0,"totalHitsReceivedP1":1.0,"totalDamageP2":5.221324443817139,"totalRecoveryStateTransitionP2":156.0,"totalHitsReceivedP2":1.0,"totalGameLength":13.700164794921875,"fitness":-28.255569458007814}