{"gameID":9,"generationNum":0,"totalDamageP1":38.93171310424805,"totalRecoveryStateTransitionP1":0.0,"totalHitsReceivedP1":3.0,"totalDamageP2":96.94464874267578,"totalRecoveryStateTransitionP2":0.0,"totalHitsReceivedP2":8.0,"totalGameLength":18.67584228515625,"fitness":-7.537815093994141}