{"moveDist":0.9284671545028687,"moveAngle":1.282845377922058,"moveLocX":0.26367366313934328,"moveLocY":0.8902401328086853,"widthScalar":1.4170570373535157,"heightScalar":0.5404472947120667,"warmUpDuration":0.5715439915657044,"executionDuration":0.14912903308868409,"coolDownDuration":0.13828438520431519,"damageFactor":9.362997055053711,"damageGiven":13.042415618896485,"knockbackScalar":8.651466369628907,"knockbackModX":0.05917833745479584,"knockbackModY":-0.025517862290143968,"hitstunDuration":0.4762110412120819,"spriteIndex":96}