{"moveDist":1.310823678970337,"moveAngle":2.406925916671753,"moveLocX":-0.972702145576477,"moveLocY":0.878697395324707,"widthScalar":1.0137604475021363,"heightScalar":1.0195797681808472,"warmUpDuration":0.5573065280914307,"executionDuration":0.23701590299606324,"coolDownDuration":0.10439413040876389,"damageFactor":0.11281284689903259,"damageGiven":5.101386547088623,"knockbackScalar":12.154870986938477,"knockbackModX":0.024262554943561555,"knockbackModY":0.30205851793289187,"hitstunDuration":0.8251186013221741,"spriteIndex":53}