{"playerName":"Player 1","jumpKey":0,"leftKey":0,"rightKey":0,"attackKey":0,"stocks":3,"groundAccelerationFactor":0.9806668758392334,"groundAcceleration":8.8662691116333,"airAccelerationFactor":0.9356147050857544,"airAcceleration":2.0705456733703615,"maxGroundSpeed":9.041061401367188,"maxAirSpeed":2.2130324840545656,"totalJumpForce":11.786680221557618,"jumpRatio":0.8327628970146179,"groundJumpForce":9.815509796142579,"airJumpForce":1.9711703062057496,"mass":2.1006641387939455,"drag":4.125834941864014,"widthScalar":0.7676945328712463,"heightScalar":0.8656686544418335,"gravityScalar":1.2638214826583863,"hitstunDamageScalar":0.2651199400424957,"spriteIndex":30}