{"playerName":"Player 1","jumpKey":0,"leftKey":0,"rightKey":0,"attackKey":0,"stocks":3,"groundAccelerationFactor":0.3298138380050659,"groundAcceleration":2.6409897804260256,"airAccelerationFactor":0.87989342212677,"airAcceleration":3.068773031234741,"maxGroundSpeed":8.007516860961914,"maxAirSpeed":3.4876644611358644,"totalJumpForce":14.175525665283204,"jumpRatio":0.6014724969863892,"groundJumpForce":8.526188850402832,"airJumpForce":5.649336814880371,"mass":1.4589776992797852,"drag":4.730776309967041,"widthScalar":1.0422767400741578,"heightScalar":0.5195655226707459,"gravityScalar":0.6719777584075928,"hitstunDamageScalar":0.10709327459335327,"spriteIndex":77}