{"playerName":"Player 1","jumpKey":0,"leftKey":0,"rightKey":0,"attackKey":0,"stocks":3,"groundAccelerationFactor":0.8269091248512268,"groundAcceleration":7.09351110458374,"airAccelerationFactor":0.68988037109375,"airAcceleration":3.150395154953003,"maxGroundSpeed":8.578344345092774,"maxAirSpeed":4.566581726074219,"totalJumpForce":16.650466918945314,"jumpRatio":0.7402505278587341,"groundJumpForce":12.325516700744629,"airJumpForce":4.324950218200684,"mass":0.9388757944107056,"drag":4.94107723236084,"widthScalar":0.9272123575210571,"heightScalar":1.3570095300674439,"gravityScalar":0.9868701696395874,"hitstunDamageScalar":0.2025970071554184,"spriteIndex":10}