{"playerName":"Player 2","jumpKey":0,"leftKey":0,"rightKey":0,"attackKey":0,"stocks":3,"groundAccelerationFactor":0.7452902793884277,"groundAcceleration":3.324791431427002,"airAccelerationFactor":0.11167290061712265,"airAcceleration":1.0219250917434693,"maxGroundSpeed":4.461069107055664,"maxAirSpeed":9.151057243347168,"totalJumpForce":12.720166206359864,"jumpRatio":0.7816780805587769,"groundJumpForce":9.943075180053711,"airJumpForce":2.7770910263061525,"mass":0.9419010877609253,"drag":2.9078359603881838,"widthScalar":1.4130626916885377,"heightScalar":0.6279064416885376,"gravityScalar":1.2111284732818604,"hitstunDamageScalar":0.11306469887495041,"spriteIndex":57}