{"moveDist":1.083290696144104,"moveAngle":2.6587119102478029,"moveLocX":-0.9594283103942871,"moveLocY":0.5030070543289185,"widthScalar":0.8139450550079346,"heightScalar":0.9214701652526856,"warmUpDuration":0.10303438454866409,"executionDuration":0.2552744746208191,"coolDownDuration":0.5667173266410828,"damageFactor":6.52902364730835,"damageGiven":11.039517402648926,"knockbackScalar":13.1367826461792,"knockbackModX":0.37059202790260317,"knockbackModY":-0.5886845588684082,"hitstunDuration":0.07134488970041275,"spriteIndex":52}