{"moveDist":1.34440279006958,"moveAngle":4.332427978515625,"moveLocX":-0.4986177980899811,"moveLocY":-1.2485188245773316,"widthScalar":1.416832447052002,"heightScalar":0.9765524864196777,"warmUpDuration":0.5496366024017334,"executionDuration":0.26115119457244875,"coolDownDuration":0.11181306838989258,"damageFactor":8.602034568786621,"damageGiven":12.93624496459961,"knockbackScalar":1.7546941041946412,"knockbackModX":0.3598088324069977,"knockbackModY":-0.04552987962961197,"hitstunDuration":0.9803682565689087,"spriteIndex":175}