{"playerName":"Player 1","jumpKey":0,"leftKey":0,"rightKey":0,"attackKey":0,"stocks":3,"groundAccelerationFactor":0.6486946940422058,"groundAcceleration":3.5008656978607179,"airAccelerationFactor":0.05953844264149666,"airAcceleration":0.2349729686975479,"maxGroundSpeed":5.396784782409668,"maxAirSpeed":3.94657564163208,"totalJumpForce":0.0,"jumpRatio":0.0,"groundJumpForce":2.0843827724456789,"airJumpForce":7.6423821449279789,"mass":2.3933987617492677,"drag":2.7397823333740236,"widthScalar":0.9750417470932007,"heightScalar":1.2835694551467896,"gravityScalar":0.9540672898292542,"hitstunDamageScalar":0.2776950001716614,"spriteIndex":48}