{"playerName":"Player 2","jumpKey":0,"leftKey":0,"rightKey":0,"attackKey":0,"stocks":3,"groundAccelerationFactor":0.4351310133934021,"groundAcceleration":1.6735889911651612,"airAccelerationFactor":0.015648281201720239,"airAcceleration":0.062298279255628589,"maxGroundSpeed":3.846172571182251,"maxAirSpeed":3.9811580181121828,"totalJumpForce":0.0,"jumpRatio":0.0,"groundJumpForce":8.482337951660157,"airJumpForce":4.142642974853516,"mass":2.1105332374572756,"drag":3.2093889713287355,"widthScalar":1.0078909397125245,"heightScalar":0.8098344802856445,"gravityScalar":0.569969654083252,"hitstunDamageScalar":0.13493163883686067,"spriteIndex":70}