{"gameID":0,"generationNum":1,"totalDamageP1":21.40328598022461,"totalRecoveryStateTransitionP1":2870.0,"totalHitsReceivedP1":3.0,"remainingStocksP1":0.0,"totalDamageP2":6.9904561042785648,"totalRecoveryStateTransitionP2":3210.0,"totalHitsReceivedP2":1.0,"remainingStocksP2":1.0,"totalGameLength":27.011205673217775,"fitness":-9.590703010559082,"loser":"Player 1","round":0}