{"moveDist":1.0733020305633546,"moveAngle":0.6644002795219421,"moveLocX":0.8449963927268982,"moveLocY":0.6617841720581055,"widthScalar":0.8649871349334717,"heightScalar":1.2180299758911133,"warmUpDuration":0.23521500825881959,"executionDuration":0.19694676995277406,"coolDownDuration":0.46592313051223757,"damageFactor":8.7333984375,"damageGiven":12.84333324432373,"knockbackScalar":5.748312473297119,"knockbackModX":0.6068711280822754,"knockbackModY":-0.19536477327346803,"hitstunDuration":0.8224397301673889,"spriteIndex":199}