{"moveDist":0.8492627739906311,"moveAngle":5.424616813659668,"moveLocX":0.5550116300582886,"moveLocY":-0.6428136229515076,"widthScalar":1.2788106203079224,"heightScalar":0.5136975646018982,"warmUpDuration":0.4866345226764679,"executionDuration":0.35522982478141787,"coolDownDuration":0.30107173323631289,"damageFactor":1.7415289878845215,"damageGiven":6.9904561042785648,"knockbackScalar":1.7693232297897339,"knockbackModX":-0.39390861988067629,"knockbackModY":-0.48206132650375368,"hitstunDuration":0.10951581597328186,"spriteIndex":84}