{"moveDist":1.1275688409805298,"moveAngle":0.5301812887191773,"moveLocX":0.9727710485458374,"moveLocY":0.5701999664306641,"widthScalar":0.7462118864059448,"heightScalar":0.686744749546051,"warmUpDuration":0.3835856318473816,"executionDuration":0.3148837983608246,"coolDownDuration":0.5279034376144409,"damageFactor":4.390029430389404,"damageGiven":10.38381290435791,"knockbackScalar":7.103275299072266,"knockbackModX":-0.22212547063827516,"knockbackModY":0.21983563899993897,"hitstunDuration":0.8670365810394287,"spriteIndex":194}