{"moveDist":1.459728717803955,"moveAngle":2.129208564758301,"moveLocX":-0.7734230756759644,"moveLocY":1.2379921674728394,"widthScalar":0.698707103729248,"heightScalar":1.062116026878357,"warmUpDuration":0.11402037739753723,"executionDuration":0.11839273571968079,"coolDownDuration":0.17175409197807313,"damageFactor":5.281054496765137,"damageGiven":7.134428977966309,"knockbackScalar":10.042454719543457,"knockbackModX":0.197662353515625,"knockbackModY":0.23015403747558595,"hitstunDuration":0.572395920753479,"spriteIndex":206}