{"playerName":"Player 1","jumpKey":0,"leftKey":0,"rightKey":0,"attackKey":0,"stocks":3,"groundAccelerationFactor":0.7995665669441223,"groundAcceleration":7.781426906585693,"airAccelerationFactor":0.422368586063385,"airAcceleration":1.230647087097168,"maxGroundSpeed":9.732056617736817,"maxAirSpeed":2.9136805534362795,"totalJumpForce":0.0,"jumpRatio":0.0,"groundJumpForce":14.888025283813477,"airJumpForce":9.03880500793457,"mass":0.5914670825004578,"drag":1.675262451171875,"widthScalar":0.7917423844337463,"heightScalar":0.9958299398422241,"gravityScalar":0.8633859157562256,"hitstunDamageScalar":0.12171526998281479,"spriteIndex":28}