{"playerName":"Player 2","jumpKey":0,"leftKey":0,"rightKey":0,"attackKey":0,"stocks":3,"groundAccelerationFactor":0.8185022473335266,"groundAcceleration":7.97218656539917,"airAccelerationFactor":0.6477199196815491,"airAcceleration":6.339466094970703,"maxGroundSpeed":9.739969253540039,"maxAirSpeed":9.787357330322266,"totalJumpForce":0.0,"jumpRatio":0.0,"groundJumpForce":5.289698123931885,"airJumpForce":5.187287330627441,"mass":2.4630954265594484,"drag":2.3461618423461916,"widthScalar":1.13213050365448,"heightScalar":0.757601797580719,"gravityScalar":0.3286897838115692,"hitstunDamageScalar":0.24524080753326417,"spriteIndex":8}