{"playerName":"Player 1","jumpKey":0,"leftKey":0,"rightKey":0,"attackKey":0,"stocks":3,"groundAccelerationFactor":0.43345263600349429,"groundAcceleration":0.9697728753089905,"airAccelerationFactor":0.4970879554748535,"airAcceleration":3.3260579109191896,"maxGroundSpeed":2.237321376800537,"maxAirSpeed":6.691085338592529,"totalJumpForce":0.0,"jumpRatio":0.0,"groundJumpForce":11.416491508483887,"airJumpForce":3.128525733947754,"mass":1.4798800945281983,"drag":1.9978764057159424,"widthScalar":1.027428388595581,"heightScalar":0.5382915139198303,"gravityScalar":0.7608119249343872,"hitstunDamageScalar":0.24701130390167237,"spriteIndex":69}