{"playerName":"Player 2","jumpKey":0,"leftKey":0,"rightKey":0,"attackKey":0,"stocks":3,"groundAccelerationFactor":0.9558915495872498,"groundAcceleration":5.6918134689331059,"airAccelerationFactor":0.07640662789344788,"airAcceleration":0.507359504699707,"maxGroundSpeed":5.954455375671387,"maxAirSpeed":6.640254974365234,"totalJumpForce":0.0,"jumpRatio":0.0,"groundJumpForce":9.430442810058594,"airJumpForce":14.297056198120118,"mass":2.2700681686401369,"drag":3.183262348175049,"widthScalar":1.0613007545471192,"heightScalar":1.4908652305603028,"gravityScalar":0.6869821548461914,"hitstunDamageScalar":0.17123839259147645,"spriteIndex":13}