{"moveDist":1.1175642013549805,"moveAngle":3.5350255966186525,"moveLocX":-1.0321805477142335,"moveLocY":-0.4284309148788452,"widthScalar":1.309944748878479,"heightScalar":0.8497896194458008,"warmUpDuration":0.32857537269592287,"executionDuration":0.39702925086021426,"coolDownDuration":0.18290072679519654,"damageFactor":3.5579516887664797,"damageGiven":8.232418060302735,"knockbackScalar":6.518328666687012,"knockbackModX":0.07917704433202744,"knockbackModY":-0.2007729709148407,"hitstunDuration":0.4324509799480438,"spriteIndex":143}