{"moveDist":0.9107027649879456,"moveAngle":0.12106480449438095,"moveLocX":0.9040369987487793,"moveLocY":0.10998491942882538,"widthScalar":0.7928898334503174,"heightScalar":1.0250322818756104,"warmUpDuration":0.1449148803949356,"executionDuration":0.2595047056674957,"coolDownDuration":0.5411320924758911,"damageFactor":6.144795894622803,"damageGiven":10.810221672058106,"knockbackScalar":2.669935941696167,"knockbackModX":0.5848051309585571,"knockbackModY":-0.8114900588989258,"hitstunDuration":0.48051008582115176,"spriteIndex":100}