{"playerName":"Player 1","jumpKey":0,"leftKey":0,"rightKey":0,"attackKey":0,"stocks":3,"groundAccelerationFactor":0.2972469925880432,"groundAcceleration":2.4841108322143556,"airAccelerationFactor":0.46500423550605776,"airAcceleration":3.642193555831909,"maxGroundSpeed":8.357059478759766,"maxAirSpeed":7.8326029777526859,"totalJumpForce":0.0,"jumpRatio":0.0,"groundJumpForce":8.952322006225586,"airJumpForce":7.38599157333374,"mass":2.002175807952881,"drag":5.32958459854126,"widthScalar":1.1989688873291016,"heightScalar":1.1934120655059815,"gravityScalar":0.4521937370300293,"hitstunDamageScalar":0.1372509002685547,"spriteIndex":31}