{"gameID":6,"generationNum":1,"totalDamageP1":48.608177185058597,"totalRecoveryStateTransitionP1":1243.0,"totalHitsReceivedP1":3.0,"remainingStocksP1":0.0,"totalDamageP2":37.250953674316409,"totalRecoveryStateTransitionP2":567.0,"totalHitsReceivedP2":3.0,"remainingStocksP2":0.0,"totalGameLength":15.7698974609375,"fitness":-12.779911994934082,"loser":"Player 1","round":2}