{"gameID":6,"generationNum":1,"totalDamageP1":16.202726364135743,"totalRecoveryStateTransitionP1":1602.0,"totalHitsReceivedP1":1.0,"remainingStocksP1":0.0,"totalDamageP2":12.416984558105469,"totalRecoveryStateTransitionP2":1115.0,"totalHitsReceivedP2":1.0,"remainingStocksP2":0.0,"totalGameLength":16.48773193359375,"fitness":-21.028871536254884,"loser":"Player 1","round":1}