{"gameID":6,"generationNum":1,"totalDamageP1":64.81090545654297,"totalRecoveryStateTransitionP1":2104.0,"totalHitsReceivedP1":4.0,"remainingStocksP1":0.0,"totalDamageP2":37.250953674316409,"totalRecoveryStateTransitionP2":880.0,"totalHitsReceivedP2":3.0,"remainingStocksP2":0.0,"totalGameLength":23.903411865234376,"fitness":-3.646397113800049,"loser":"Player 1","round":0}