{"gameID":23,"generationNum":1,"totalDamageP1":25.804887771606447,"totalRecoveryStateTransitionP1":130.0,"totalHitsReceivedP1":4.0,"remainingStocksP1":0.0,"totalDamageP2":64.46033477783203,"totalRecoveryStateTransitionP2":94.0,"totalHitsReceivedP2":5.0,"remainingStocksP2":0.0,"totalGameLength":20.09490966796875,"fitness":-7.744112491607666,"loser":"Player 1","round":0}