{"moveDist":1.1586700677871705,"moveAngle":0.6243959069252014,"moveLocX":0.9400480389595032,"moveLocY":0.6773669123649597,"widthScalar":0.9165747165679932,"heightScalar":1.3611626625061036,"warmUpDuration":0.19192424416542054,"executionDuration":0.39043256640434267,"coolDownDuration":0.5783998966217041,"damageFactor":6.799070358276367,"damageGiven":12.892066955566407,"knockbackScalar":10.317638397216797,"knockbackModX":-0.8515874743461609,"knockbackModY":-0.5886845588684082,"hitstunDuration":0.9726960062980652,"spriteIndex":221}