{"moveDist":0.8183116912841797,"moveAngle":2.5021204948425295,"moveLocX":-0.6566221714019775,"moveLocY":0.4883454740047455,"widthScalar":1.416832447052002,"heightScalar":0.9859115481376648,"warmUpDuration":0.5496366024017334,"executionDuration":0.16930869221687318,"coolDownDuration":0.1419680118560791,"damageFactor":1.685677170753479,"damageGiven":6.451221942901611,"knockbackScalar":9.70960807800293,"knockbackModX":0.6423216462135315,"knockbackModY":-0.6224450469017029,"hitstunDuration":0.6167569160461426,"spriteIndex":201}