{"playerName":"Player 2","jumpKey":0,"leftKey":0,"rightKey":0,"attackKey":0,"stocks":3,"groundAccelerationFactor":0.06235068663954735,"groundAcceleration":0.17904050648212434,"airAccelerationFactor":0.6905587315559387,"airAcceleration":2.8070273399353029,"maxGroundSpeed":2.8715081214904787,"maxAirSpeed":4.064864158630371,"totalJumpForce":0.0,"jumpRatio":0.0,"groundJumpForce":10.432869911193848,"airJumpForce":1.1635493040084839,"mass":0.5211779475212097,"drag":2.0359277725219728,"widthScalar":1.4493788480758668,"heightScalar":0.9554247856140137,"gravityScalar":0.38511353731155398,"hitstunDamageScalar":0.12969659268856049,"spriteIndex":51}