{"moveDist":0.9048374891281128,"moveAngle":5.7938923835754398,"moveLocX":0.7986687421798706,"moveLocY":-0.42527535557746889,"widthScalar":0.6546818017959595,"heightScalar":0.5676960349082947,"warmUpDuration":0.16449099779129029,"executionDuration":0.28384485840797427,"coolDownDuration":0.3296875059604645,"damageFactor":9.466293334960938,"damageGiven":12.364996910095215,"knockbackScalar":4.276941776275635,"knockbackModX":-0.9656069874763489,"knockbackModY":-0.14852845668792725,"hitstunDuration":0.41060179471969607,"spriteIndex":152}