{"playerName":"Player 2","jumpKey":0,"leftKey":0,"rightKey":0,"attackKey":0,"stocks":3,"groundAccelerationFactor":0.6664199829101563,"groundAcceleration":3.9125492572784426,"airAccelerationFactor":0.6905587315559387,"airAcceleration":6.133932590484619,"maxGroundSpeed":5.870996475219727,"maxAirSpeed":8.882564544677735,"totalJumpForce":0.0,"jumpRatio":0.0,"groundJumpForce":2.5875675678253176,"airJumpForce":9.798079490661621,"mass":0.5211779475212097,"drag":1.9451255798339844,"widthScalar":0.9271549582481384,"heightScalar":1.4516522884368897,"gravityScalar":0.38511353731155398,"hitstunDamageScalar":0.2735788822174072,"spriteIndex":67}