{"moveDist":1.34440279006958,"moveAngle":4.332427978515625,"moveLocX":-0.4986177980899811,"moveLocY":-1.2485188245773316,"widthScalar":1.416832447052002,"heightScalar":0.9765524864196777,"warmUpDuration":0.5496366024017334,"executionDuration":0.28384485840797427,"coolDownDuration":0.4357128441333771,"damageFactor":6.154709339141846,"damageGiven":12.811522483825684,"knockbackScalar":4.276941776275635,"knockbackModX":0.9656069874763489,"knockbackModY":-0.14852845668792725,"hitstunDuration":0.27061727643013,"spriteIndex":214}