{"playerName":"Player 1","jumpKey":0,"leftKey":0,"rightKey":0,"attackKey":0,"stocks":3,"groundAccelerationFactor":0.7659777998924255,"groundAcceleration":6.401321887969971,"airAccelerationFactor":0.42876386642456057,"airAcceleration":3.2831943035125734,"maxGroundSpeed":8.357059478759766,"maxAirSpeed":7.657348155975342,"totalJumpForce":0.0,"jumpRatio":0.0,"groundJumpForce":11.172199249267579,"airJumpForce":7.271787643432617,"mass":2.158491611480713,"drag":4.561983108520508,"widthScalar":0.9176663160324097,"heightScalar":0.7834875583648682,"gravityScalar":0.781031608581543,"hitstunDamageScalar":0.22113268077373506,"spriteIndex":5}