{"playerName":"Player 2","jumpKey":0,"leftKey":0,"rightKey":0,"attackKey":0,"stocks":3,"groundAccelerationFactor":0.8424027562141419,"groundAcceleration":4.945743560791016,"airAccelerationFactor":0.6905587315559387,"airAcceleration":5.1287150382995609,"maxGroundSpeed":5.870996475219727,"maxAirSpeed":7.426906108856201,"totalJumpForce":0.0,"jumpRatio":0.0,"groundJumpForce":2.5875675678253176,"airJumpForce":10.836252212524414,"mass":0.5211779475212097,"drag":1.9451255798339844,"widthScalar":0.9590671062469482,"heightScalar":1.3244359493255616,"gravityScalar":0.38511353731155398,"hitstunDamageScalar":0.14226233959197999,"spriteIndex":22}