{"playerName":"Player 2","jumpKey":0,"leftKey":0,"rightKey":0,"attackKey":0,"stocks":3,"groundAccelerationFactor":0.105003222823143,"groundAcceleration":0.5603575110435486,"airAccelerationFactor":0.3944399654865265,"airAcceleration":1.761597752571106,"maxGroundSpeed":5.336574554443359,"maxAirSpeed":4.466073036193848,"totalJumpForce":0.0,"jumpRatio":0.0,"groundJumpForce":11.831098556518555,"airJumpForce":14.730650901794434,"mass":2.3532395362854006,"drag":4.454198837280273,"widthScalar":0.9278527498245239,"heightScalar":1.2894651889801026,"gravityScalar":1.1219961643218995,"hitstunDamageScalar":0.15258286893367768,"spriteIndex":36}