{"moveDist":1.1900205612182618,"moveAngle":5.6505327224731449,"moveLocX":0.9597063064575195,"moveLocY":-0.7036425471305847,"widthScalar":0.8754256963729858,"heightScalar":1.1793248653411866,"warmUpDuration":0.10569017380475998,"executionDuration":0.1169993132352829,"coolDownDuration":0.3666822016239166,"damageFactor":9.085844039916993,"damageGiven":10.354939460754395,"knockbackScalar":7.486529350280762,"knockbackModX":-0.6856213808059692,"knockbackModY":-0.9075336456298828,"hitstunDuration":0.37228289246559145,"spriteIndex":175}