{"moveDist":0.9865648746490479,"moveAngle":4.536288738250732,"moveLocX":-0.1728377640247345,"moveLocY":-0.9713070392608643,"widthScalar":0.8032199740409851,"heightScalar":0.5781468749046326,"warmUpDuration":0.13921722769737245,"executionDuration":0.15731337666511537,"coolDownDuration":0.23798507452011109,"damageFactor":9.681013107299805,"damageGiven":10.174653053283692,"knockbackScalar":12.456621170043946,"knockbackModX":0.23349350690841676,"knockbackModY":-0.14684855937957765,"hitstunDuration":0.7263658046722412,"spriteIndex":14}