{"playerName":"Player 2","jumpKey":0,"leftKey":0,"rightKey":0,"attackKey":0,"stocks":3,"groundAccelerationFactor":0.871479868888855,"groundAcceleration":8.617344856262207,"airAccelerationFactor":0.3269517719745636,"airAcceleration":0.7072285413742065,"maxGroundSpeed":9.888174057006836,"maxAirSpeed":2.163097381591797,"totalJumpForce":0.0,"jumpRatio":0.0,"groundJumpForce":7.493153095245361,"airJumpForce":10.837861061096192,"mass":0.9642736911773682,"drag":3.6199400424957277,"widthScalar":0.9643635749816895,"heightScalar":0.8575595617294312,"gravityScalar":0.7153069972991943,"hitstunDamageScalar":0.16914042830467225,"spriteIndex":69}