{"playerName":"Player 1","jumpKey":0,"leftKey":0,"rightKey":0,"attackKey":0,"stocks":3,"groundAccelerationFactor":0.0631028488278389,"groundAcceleration":0.21969404816627503,"airAccelerationFactor":0.43751975893974306,"airAcceleration":3.630614995956421,"maxGroundSpeed":3.4815235137939455,"maxAirSpeed":8.298173904418946,"totalJumpForce":0.0,"jumpRatio":0.0,"groundJumpForce":5.53737211227417,"airJumpForce":10.754077911376954,"mass":1.8578057289123536,"drag":2.929938793182373,"widthScalar":1.402285099029541,"heightScalar":1.2279462814331055,"gravityScalar":0.9952511787414551,"hitstunDamageScalar":0.15073351562023164,"spriteIndex":38}