{"moveDist":1.0617682933807374,"moveAngle":1.4034502506256104,"moveLocX":0.17685459554195405,"moveLocY":1.0469356775283814,"widthScalar":1.4170570373535157,"heightScalar":0.5404472947120667,"warmUpDuration":0.40495479106903078,"executionDuration":0.14912903308868409,"coolDownDuration":0.13039319217205048,"damageFactor":0.47403600811958315,"damageGiven":5.324466705322266,"knockbackScalar":1.9221858978271485,"knockbackModX":0.4473639130592346,"knockbackModY":-0.650246262550354,"hitstunDuration":0.6707093715667725,"spriteIndex":109}