{"playerName":"Player 2","jumpKey":0,"leftKey":0,"rightKey":0,"attackKey":0,"stocks":3,"groundAccelerationFactor":0.9275356531143189,"groundAcceleration":8.535083770751954,"airAccelerationFactor":0.13588203489780427,"airAcceleration":0.2853977382183075,"maxGroundSpeed":9.201892852783204,"maxAirSpeed":2.100334644317627,"totalJumpForce":11.344331741333008,"jumpRatio":0.3667924702167511,"groundJumpForce":4.161015510559082,"airJumpForce":7.183316230773926,"mass":2.3984999656677248,"drag":5.716454029083252,"widthScalar":1.0384900569915772,"heightScalar":0.8621821403503418,"gravityScalar":1.0489728450775147,"hitstunDamageScalar":0.2859426736831665,"spriteIndex":27}