{"playerName":"Player 1","jumpKey":0,"leftKey":0,"rightKey":0,"attackKey":0,"stocks":3,"groundAccelerationFactor":0.8866447806358337,"groundAcceleration":7.6059441566467289,"airAccelerationFactor":0.40567898750305178,"airAcceleration":2.430680990219116,"maxGroundSpeed":8.578344345092774,"maxAirSpeed":5.991636276245117,"totalJumpForce":9.931191444396973,"jumpRatio":0.7451785802841187,"groundJumpForce":7.400511264801025,"airJumpForce":2.5306804180145265,"mass":1.3712420463562012,"drag":5.382079124450684,"widthScalar":0.8481923341751099,"heightScalar":1.1630288362503052,"gravityScalar":1.231297254562378,"hitstunDamageScalar":0.14856715500354768,"spriteIndex":23}