{"moveDist":1.2083015441894532,"moveAngle":0.43932536244392397,"moveLocX":1.0935598611831666,"moveLocY":0.5139256715774536,"widthScalar":1.4713006019592286,"heightScalar":1.1917824745178223,"warmUpDuration":0.45571601390838625,"executionDuration":0.3006313443183899,"coolDownDuration":0.41596096754074099,"damageFactor":6.80119514465332,"damageGiven":12.973097801208496,"knockbackScalar":7.083240985870361,"knockbackModX":0.010281668975949288,"knockbackModY":-0.5225881338119507,"hitstunDuration":0.8183368444442749,"spriteIndex":224}