{"moveDist":1.1331918239593506,"moveAngle":4.596645832061768,"moveLocX":-0.13086654245853425,"moveLocY":-1.1256098747253419,"widthScalar":1.4962527751922608,"heightScalar":0.8312332630157471,"warmUpDuration":0.5715439915657044,"executionDuration":0.14912903308868409,"coolDownDuration":0.5013864636421204,"damageFactor":9.362997055053711,"damageGiven":16.442138671875,"knockbackScalar":12.047431945800782,"knockbackModX":0.05917833745479584,"knockbackModY":-0.025517862290143968,"hitstunDuration":0.8545947670936585,"spriteIndex":157}