{"moveDist":1.310823678970337,"moveAngle":3.761598587036133,"moveLocX":-1.0668466091156006,"moveLocY":-0.7616409659385681,"widthScalar":0.7416120767593384,"heightScalar":0.9135700464248657,"warmUpDuration":0.3164077699184418,"executionDuration":0.30397751927375796,"coolDownDuration":0.3198632001876831,"damageFactor":2.99487566947937,"damageGiven":7.815927505493164,"knockbackScalar":1.4698593616485596,"knockbackModX":-0.9440973401069641,"knockbackModY":0.805207371711731,"hitstunDuration":0.8793531656265259,"spriteIndex":236}