{"playerName":"Player 2","jumpKey":0,"leftKey":0,"rightKey":0,"attackKey":0,"stocks":3,"groundAccelerationFactor":0.342460572719574,"groundAcceleration":2.852611541748047,"airAccelerationFactor":0.13588203489780427,"airAcceleration":0.813739538192749,"maxGroundSpeed":8.329751968383789,"maxAirSpeed":5.9885735511779789,"totalJumpForce":11.344331741333008,"jumpRatio":0.8078698515892029,"groundJumpForce":9.164743423461914,"airJumpForce":2.1795880794525148,"mass":1.702303171157837,"drag":5.716454029083252,"widthScalar":1.4508931636810303,"heightScalar":1.2506245374679566,"gravityScalar":0.6226010918617249,"hitstunDamageScalar":0.13300324976444245,"spriteIndex":58}