{"playerName":"Player 1","jumpKey":0,"leftKey":0,"rightKey":0,"attackKey":0,"stocks":3,"groundAccelerationFactor":0.8269091248512268,"groundAcceleration":7.034018516540527,"airAccelerationFactor":0.68988037109375,"airAcceleration":3.150395154953003,"maxGroundSpeed":8.50639820098877,"maxAirSpeed":4.566581726074219,"totalJumpForce":16.650466918945314,"jumpRatio":0.7402505278587341,"groundJumpForce":12.325516700744629,"airJumpForce":4.324950218200684,"mass":0.9388757944107056,"drag":4.759171009063721,"widthScalar":0.9272123575210571,"heightScalar":1.3570095300674439,"gravityScalar":0.794562578201294,"hitstunDamageScalar":0.26534557342529299,"spriteIndex":42}