{"playerName":"Player 2","jumpKey":0,"leftKey":0,"rightKey":0,"attackKey":0,"stocks":3,"groundAccelerationFactor":0.9047468304634094,"groundAcceleration":4.03613805770874,"airAccelerationFactor":0.8058486580848694,"airAcceleration":2.7411179542541506,"maxGroundSpeed":4.461069107055664,"maxAirSpeed":3.401529550552368,"totalJumpForce":7.897078037261963,"jumpRatio":0.8219246864318848,"groundJumpForce":6.490803241729736,"airJumpForce":1.406274676322937,"mass":2.260209560394287,"drag":1.752443790435791,"widthScalar":1.4247350692749024,"heightScalar":0.6279064416885376,"gravityScalar":1.2111284732818604,"hitstunDamageScalar":0.13007497787475587,"spriteIndex":36}