{"moveDist":1.1149089336395264,"moveAngle":5.6505327224731449,"moveLocX":0.8991315960884094,"moveLocY":-0.65923011302948,"widthScalar":0.8566768169403076,"heightScalar":0.8497896194458008,"warmUpDuration":0.32857537269592287,"executionDuration":0.39702925086021426,"coolDownDuration":0.5488772988319397,"damageFactor":7.90187406539917,"damageGiven":15.070796012878418,"knockbackScalar":10.495064735412598,"knockbackModX":-0.8847959637641907,"knockbackModY":0.04829573631286621,"hitstunDuration":0.4382508397102356,"spriteIndex":104}