{"moveDist":0.9107027649879456,"moveAngle":0.12106480449438095,"moveLocX":0.9040369987487793,"moveLocY":0.10998491942882538,"widthScalar":1.4062066078186036,"heightScalar":1.3330903053283692,"warmUpDuration":0.3061138689517975,"executionDuration":0.2472514510154724,"coolDownDuration":0.19752398133277894,"damageFactor":2.592630624771118,"damageGiven":6.946778774261475,"knockbackScalar":6.1598124504089359,"knockbackModX":-0.23349350690841676,"knockbackModY":-0.14684855937957765,"hitstunDuration":0.9914540648460388,"spriteIndex":248}