{"playerName":"Player 1","jumpKey":0,"leftKey":0,"rightKey":0,"attackKey":0,"stocks":3,"groundAccelerationFactor":0.4157171845436096,"groundAcceleration":3.816237211227417,"airAccelerationFactor":0.6682240962982178,"airAcceleration":4.018886089324951,"maxGroundSpeed":9.179887771606446,"maxAirSpeed":6.014278888702393,"totalJumpForce":0.0,"jumpRatio":0.0,"groundJumpForce":9.584362030029297,"airJumpForce":6.398930072784424,"mass":0.9334882497787476,"drag":1.2257345914840699,"widthScalar":1.364844799041748,"heightScalar":1.2835694551467896,"gravityScalar":0.5501426458358765,"hitstunDamageScalar":0.12069994956254959,"spriteIndex":55}