{"moveDist":1.1757655143737794,"moveAngle":1.0537726879119874,"moveLocX":0.5811750292778015,"moveLocY":1.0220861434936524,"widthScalar":0.6626959443092346,"heightScalar":1.228399395942688,"warmUpDuration":0.344326913356781,"executionDuration":0.33983415365219118,"coolDownDuration":0.4016435444355011,"damageFactor":6.011163711547852,"damageGiven":11.526948928833008,"knockbackScalar":7.10448694229126,"knockbackModX":0.5476455092430115,"knockbackModY":-0.6315587759017944,"hitstunDuration":0.29829174280166628,"spriteIndex":11}