{"moveDist":0.8926099538803101,"moveAngle":1.1925002336502076,"moveLocX":0.3296744227409363,"moveLocY":0.8294982314109802,"widthScalar":0.6287246942520142,"heightScalar":1.3605034351348878,"warmUpDuration":0.511721670627594,"executionDuration":0.233425110578537,"coolDownDuration":0.47364723682403567,"damageFactor":0.218532994389534,"damageGiven":5.2663469314575199,"knockbackScalar":5.253805160522461,"knockbackModX":-0.7975245118141174,"knockbackModY":0.9234693050384522,"hitstunDuration":0.18717963993549348,"spriteIndex":158}