{"moveDist":1.1331918239593506,"moveAngle":4.596645832061768,"moveLocX":-0.13086654245853425,"moveLocY":-1.1256098747253419,"widthScalar":1.4962527751922608,"heightScalar":0.8312332630157471,"warmUpDuration":0.5715439915657044,"executionDuration":0.20838269591331483,"coolDownDuration":0.5276750326156616,"damageFactor":7.817630290985107,"damageGiven":15.222347259521485,"knockbackScalar":4.135080814361572,"knockbackModX":0.2918274998664856,"knockbackModY":0.7291381359100342,"hitstunDuration":0.6707093715667725,"spriteIndex":150}