{"moveDist":1.310823678970337,"moveAngle":3.761598587036133,"moveLocX":-1.0668466091156006,"moveLocY":-0.7616409659385681,"widthScalar":0.7416120767593384,"heightScalar":0.9135700464248657,"warmUpDuration":0.3164077699184418,"executionDuration":0.30397751927375796,"coolDownDuration":0.4329521656036377,"damageFactor":8.708971977233887,"damageGiven":14.173486709594727,"knockbackScalar":10.220052719116211,"knockbackModX":0.8458219766616821,"knockbackModY":0.3102381229400635,"hitstunDuration":0.10331261157989502,"spriteIndex":159}