{"playerName":"Player 1","jumpKey":0,"leftKey":0,"rightKey":0,"attackKey":0,"stocks":3,"groundAccelerationFactor":0.5363723039627075,"groundAcceleration":3.1912927627563478,"airAccelerationFactor":0.6328800916671753,"airAcceleration":6.215341091156006,"maxGroundSpeed":5.949771881103516,"maxAirSpeed":9.820724487304688,"totalJumpForce":6.978257656097412,"jumpRatio":0.6160422563552856,"groundJumpForce":4.298901557922363,"airJumpForce":2.679356098175049,"mass":0.5104769468307495,"drag":2.797776460647583,"widthScalar":0.8481923341751099,"heightScalar":1.1357663869857789,"gravityScalar":0.6147313117980957,"hitstunDamageScalar":0.29894664883613589,"spriteIndex":10}