{"playerName":"Player 2","jumpKey":0,"leftKey":0,"rightKey":0,"attackKey":0,"stocks":3,"groundAccelerationFactor":0.9275356531143189,"groundAcceleration":8.535083770751954,"airAccelerationFactor":0.13588203489780427,"airAcceleration":0.813739538192749,"maxGroundSpeed":9.201892852783204,"maxAirSpeed":5.9885735511779789,"totalJumpForce":11.344331741333008,"jumpRatio":0.3667924702167511,"groundJumpForce":4.161015510559082,"airJumpForce":7.183316230773926,"mass":1.7753336429595948,"drag":5.716454029083252,"widthScalar":1.4508931636810303,"heightScalar":0.6736853122711182,"gravityScalar":0.6226010918617249,"hitstunDamageScalar":0.23108240962028504,"spriteIndex":60}