{"playerName":"Player 2","jumpKey":0,"leftKey":0,"rightKey":0,"attackKey":0,"stocks":3,"groundAccelerationFactor":0.9047468304634094,"groundAcceleration":4.03613805770874,"airAccelerationFactor":0.8058486580848694,"airAcceleration":2.7411179542541506,"maxGroundSpeed":4.461069107055664,"maxAirSpeed":3.401529550552368,"totalJumpForce":12.720166206359864,"jumpRatio":0.7816780805587769,"groundJumpForce":9.943075180053711,"airJumpForce":2.7770910263061525,"mass":1.6842159032821656,"drag":3.770139694213867,"widthScalar":1.052636742591858,"heightScalar":0.8664952516555786,"gravityScalar":1.2039918899536133,"hitstunDamageScalar":0.18621277809143067,"spriteIndex":10}