{"gameID":8,"generationNum":0,"totalDamageP1":103.81788635253906,"totalRecoveryStateTransitionP1":0.0,"totalHitsReceivedP1":8.0,"totalDamageP2":150.71360778808595,"totalRecoveryStateTransitionP2":0.0,"totalHitsReceivedP2":13.0,"totalGameLength":36.228668212890628,"fitness":32.992244720458987}