{"gameID":8,"generationNum":0,"totalDamageP1":101.4420166015625,"totalRecoveryStateTransitionP1":0.0,"totalHitsReceivedP1":17.0,"totalDamageP2":52.2132453918457,"totalRecoveryStateTransitionP2":0.0,"totalHitsReceivedP2":10.0,"totalGameLength":60.004364013671878,"fitness":-12.561715126037598}