{"moveDist":1.0439586639404297,"moveAngle":2.3635613918304445,"moveLocX":-0.7436083555221558,"moveLocY":0.7327320575714111,"widthScalar":1.1453526020050049,"heightScalar":1.4271605014801026,"warmUpDuration":0.20064334571361543,"executionDuration":0.2793843448162079,"coolDownDuration":0.21402205526828767,"damageFactor":9.499832153320313,"damageGiven":11.593356132507325,"knockbackScalar":7.665926456451416,"knockbackModX":0.6153331995010376,"knockbackModY":-0.38120394945144656,"hitstunDuration":0.005032138433307409,"spriteIndex":36}