{"moveDist":1.2608163356781006,"moveAngle":1.954404354095459,"moveLocX":-0.4718840718269348,"moveLocY":1.1691806316375733,"widthScalar":0.7559163570404053,"heightScalar":1.189694881439209,"warmUpDuration":0.25885626673698428,"executionDuration":0.16395090520381928,"coolDownDuration":0.18960683047771455,"damageFactor":3.927298069000244,"damageGiven":7.405132293701172,"knockbackScalar":12.047431945800782,"knockbackModX":0.05917833745479584,"knockbackModY":-0.025517862290143968,"hitstunDuration":0.4762110412120819,"spriteIndex":58}