{"moveDist":0.8850510120391846,"moveAngle":2.542628765106201,"moveLocX":-0.7309815287590027,"moveLocY":0.4989802837371826,"widthScalar":1.223616123199463,"heightScalar":0.7399196028709412,"warmUpDuration":0.33544594049453738,"executionDuration":0.2684418857097626,"coolDownDuration":0.46865251660346987,"damageFactor":2.99487566947937,"damageGiven":8.212124824523926,"knockbackScalar":1.4698593616485596,"knockbackModX":0.36386820673942568,"knockbackModY":0.30205851793289187,"hitstunDuration":0.8251186013221741,"spriteIndex":53}