{"playerName":"Player 1","jumpKey":0,"leftKey":0,"rightKey":0,"attackKey":0,"stocks":3,"groundAccelerationFactor":0.8862188458442688,"groundAcceleration":6.681838035583496,"airAccelerationFactor":0.2362692952156067,"airAcceleration":2.355807065963745,"maxGroundSpeed":7.539715766906738,"maxAirSpeed":9.970855712890625,"totalJumpForce":15.914400100708008,"jumpRatio":0.2696135640144348,"groundJumpForce":4.290738105773926,"airJumpForce":11.623661994934082,"mass":1.1558213233947755,"drag":2.31180477142334,"widthScalar":0.9844499826431274,"heightScalar":1.0377836227416993,"gravityScalar":1.2638214826583863,"hitstunDamageScalar":0.2651199400424957,"spriteIndex":39}