{"playerName":"Player 1","jumpKey":0,"leftKey":0,"rightKey":0,"attackKey":0,"stocks":3,"groundAccelerationFactor":0.6610730290412903,"groundAcceleration":2.1372547149658205,"airAccelerationFactor":0.3570244014263153,"airAcceleration":1.8870105743408204,"maxGroundSpeed":3.233008623123169,"maxAirSpeed":5.2853827476501469,"totalJumpForce":14.175525665283204,"jumpRatio":0.6014724969863892,"groundJumpForce":8.526188850402832,"airJumpForce":5.649336814880371,"mass":1.4589776992797852,"drag":4.730776309967041,"widthScalar":1.0422767400741578,"heightScalar":0.5195655226707459,"gravityScalar":0.6719777584075928,"hitstunDamageScalar":0.10709327459335327,"spriteIndex":77}