{"playerName":"Player 1","jumpKey":0,"leftKey":0,"rightKey":0,"attackKey":0,"stocks":3,"groundAccelerationFactor":0.49154025316238406,"groundAcceleration":3.908414840698242,"airAccelerationFactor":0.7972130179405212,"airAcceleration":6.293169975280762,"maxGroundSpeed":7.951362609863281,"maxAirSpeed":7.893962860107422,"totalJumpForce":9.678943634033204,"jumpRatio":0.3503658175468445,"groundJumpForce":3.3911709785461427,"airJumpForce":6.2877726554870609,"mass":0.5436168909072876,"drag":4.972032070159912,"widthScalar":1.1018505096435547,"heightScalar":1.3095835447311402,"gravityScalar":0.7845065593719482,"hitstunDamageScalar":0.14347703754901887,"spriteIndex":10}