{"playerName":"Player 2","jumpKey":0,"leftKey":0,"rightKey":0,"attackKey":0,"stocks":3,"groundAccelerationFactor":0.9573401808738709,"groundAcceleration":4.852030277252197,"airAccelerationFactor":0.26251357793807986,"airAcceleration":0.6708270311355591,"maxGroundSpeed":5.068240642547607,"maxAirSpeed":2.5553994178771974,"totalJumpForce":13.515792846679688,"jumpRatio":0.4124318063259125,"groundJumpForce":5.574342727661133,"airJumpForce":7.941450119018555,"mass":2.031765937805176,"drag":2.846595287322998,"widthScalar":0.8236283659934998,"heightScalar":0.8408796787261963,"gravityScalar":0.42629146575927737,"hitstunDamageScalar":0.197544664144516,"spriteIndex":67}