{"playerName":"Player 2","jumpKey":0,"leftKey":0,"rightKey":0,"attackKey":0,"stocks":3,"groundAccelerationFactor":0.9721203446388245,"groundAcceleration":3.21158504486084,"airAccelerationFactor":0.12955987453460694,"airAcceleration":0.5958113074302673,"maxGroundSpeed":3.3036909103393556,"maxAirSpeed":4.598733425140381,"totalJumpForce":11.944353103637696,"jumpRatio":0.2917822003364563,"groundJumpForce":3.485149621963501,"airJumpForce":8.459203720092774,"mass":1.6365379095077515,"drag":5.414648532867432,"widthScalar":0.7772874236106873,"heightScalar":0.5015562176704407,"gravityScalar":1.016601324081421,"hitstunDamageScalar":0.2782016098499298,"spriteIndex":20}