{"playerName":"Player 1","jumpKey":0,"leftKey":0,"rightKey":0,"attackKey":0,"stocks":3,"groundAccelerationFactor":0.7984064221382141,"groundAcceleration":6.415760517120361,"airAccelerationFactor":0.6328800916671753,"airAcceleration":5.208119869232178,"maxGroundSpeed":8.035707473754883,"maxAirSpeed":8.229236602783204,"totalJumpForce":6.978257656097412,"jumpRatio":0.263278603553772,"groundJumpForce":1.8372259140014649,"airJumpForce":5.141031742095947,"mass":1.962019681930542,"drag":2.797776460647583,"widthScalar":1.2458652257919312,"heightScalar":0.7830931544303894,"gravityScalar":0.9868701696395874,"hitstunDamageScalar":0.2025970071554184,"spriteIndex":47}