{"playerName":"Player 2","jumpKey":0,"leftKey":0,"rightKey":0,"attackKey":0,"stocks":3,"groundAccelerationFactor":0.3723624646663666,"groundAcceleration":1.5555782318115235,"airAccelerationFactor":0.3101734220981598,"airAcceleration":1.2490544319152833,"maxGroundSpeed":4.177591323852539,"maxAirSpeed":4.0269551277160648,"totalJumpForce":16.337810516357423,"jumpRatio":0.7816780805587769,"groundJumpForce":12.77090835571289,"airJumpForce":3.5669021606445314,"mass":0.9419010877609253,"drag":2.9078359603881838,"widthScalar":1.4130626916885377,"heightScalar":0.6279064416885376,"gravityScalar":1.2111284732818604,"hitstunDamageScalar":0.11306469887495041,"spriteIndex":57}