{"moveDist":0.9048374891281128,"moveAngle":4.365819454193115,"moveLocX":-0.30734914541244509,"moveLocY":-0.8510389924049377,"widthScalar":0.6546818017959595,"heightScalar":0.5676960349082947,"warmUpDuration":0.16449099779129029,"executionDuration":0.28384485840797427,"coolDownDuration":0.26947224140167239,"damageFactor":8.808089256286621,"damageGiven":11.322517395019532,"knockbackScalar":2.949709892272949,"knockbackModX":-0.5786402821540833,"knockbackModY":-0.14852845668792725,"hitstunDuration":0.27061727643013,"spriteIndex":59}