{"playerName":"Player 2","jumpKey":0,"leftKey":0,"rightKey":0,"attackKey":0,"stocks":3,"groundAccelerationFactor":0.3730408549308777,"groundAcceleration":1.0711898803710938,"airAccelerationFactor":0.2825525403022766,"airAcceleration":2.509791135787964,"maxGroundSpeed":2.8715081214904787,"maxAirSpeed":8.882564544677735,"totalJumpForce":0.0,"jumpRatio":0.0,"groundJumpForce":5.539237022399902,"airJumpForce":5.848124027252197,"mass":1.688771367073059,"drag":4.473520755767822,"widthScalar":0.9590671062469482,"heightScalar":1.3244359493255616,"gravityScalar":0.8568087816238403,"hitstunDamageScalar":0.14226233959197999,"spriteIndex":13}