{"moveDist":0.9996315240859985,"moveAngle":5.563910484313965,"moveLocX":0.752006471157074,"moveLocY":-0.6585965156555176,"widthScalar":0.7378421425819397,"heightScalar":0.9610352516174316,"warmUpDuration":0.4616864323616028,"executionDuration":0.220386803150177,"coolDownDuration":0.22102688252925874,"damageFactor":9.946161270141602,"damageGiven":13.982378959655762,"knockbackScalar":2.2562456130981447,"knockbackModX":-0.17172871530056,"knockbackModY":-0.21541333198547364,"hitstunDuration":0.8877860307693481,"spriteIndex":235}