{"moveDist":1.29133939743042,"moveAngle":5.594738483428955,"moveLocX":0.9972158074378967,"moveLocY":-0.8204376697540283,"widthScalar":1.42191743850708,"heightScalar":0.9800290465354919,"warmUpDuration":0.4178672730922699,"executionDuration":0.11475569009780884,"coolDownDuration":0.32361531257629397,"damageFactor":6.245245456695557,"damageGiven":10.347417831420899,"knockbackScalar":2.0292391777038576,"knockbackModX":0.22250524163246156,"knockbackModY":0.1834341287612915,"hitstunDuration":0.23995578289031983,"spriteIndex":29}