{"playerName":"Player 2","jumpKey":0,"leftKey":0,"rightKey":0,"attackKey":0,"stocks":3,"groundAccelerationFactor":0.016888786107301713,"groundAcceleration":0.09809718281030655,"airAccelerationFactor":0.426177054643631,"airAcceleration":3.8272135257720949,"maxGroundSpeed":5.8084211349487309,"maxAirSpeed":8.980337142944336,"totalJumpForce":0.0,"jumpRatio":0.0,"groundJumpForce":13.604435920715332,"airJumpForce":11.470610618591309,"mass":1.889163613319397,"drag":2.7513813972473146,"widthScalar":1.4978399276733399,"heightScalar":0.7544549703598023,"gravityScalar":0.7115857601165772,"hitstunDamageScalar":0.2513689398765564,"spriteIndex":17}