{"playerName":"Player 1","jumpKey":0,"leftKey":0,"rightKey":0,"attackKey":0,"stocks":3,"groundAccelerationFactor":0.026000265032052995,"groundAcceleration":0.12681791186332704,"airAccelerationFactor":0.1395753175020218,"airAcceleration":1.2260812520980836,"maxGroundSpeed":4.877562046051025,"maxAirSpeed":8.784370422363282,"totalJumpForce":0.0,"jumpRatio":0.0,"groundJumpForce":4.322781562805176,"airJumpForce":11.380134582519532,"mass":1.408710241317749,"drag":2.482640266418457,"widthScalar":0.9406094551086426,"heightScalar":1.3652570247650147,"gravityScalar":0.5716465711593628,"hitstunDamageScalar":0.1183876171708107,"spriteIndex":6}