{"moveDist":1.1586700677871705,"moveAngle":4.704416751861572,"moveLocX":-0.009237085469067097,"moveLocY":-1.1586332321166993,"widthScalar":0.847960352897644,"heightScalar":1.1793248653411866,"warmUpDuration":0.3220391869544983,"executionDuration":0.30589160323143008,"coolDownDuration":0.3666822016239166,"damageFactor":4.1981401443481449,"damageGiven":9.175524711608887,"knockbackScalar":14.325170516967774,"knockbackModX":0.03459407761693001,"knockbackModY":0.07327735424041748,"hitstunDuration":0.5684018731117249,"spriteIndex":68}