{"moveDist":0.9048374891281128,"moveAngle":5.7938923835754398,"moveLocX":0.7986687421798706,"moveLocY":-0.42527535557746889,"widthScalar":0.6546818017959595,"heightScalar":0.5676960349082947,"warmUpDuration":0.16449099779129029,"executionDuration":0.28384485840797427,"coolDownDuration":0.35108575224876406,"damageFactor":8.808089256286621,"damageGiven":12.041377067565918,"knockbackScalar":1.7546941041946412,"knockbackModX":0.2080351561307907,"knockbackModY":0.2241826057434082,"hitstunDuration":0.4754771590232849,"spriteIndex":152}