{"playerName":"Player 1","jumpKey":0,"leftKey":0,"rightKey":0,"attackKey":0,"stocks":3,"groundAccelerationFactor":0.7061758041381836,"groundAcceleration":1.9882423877716065,"airAccelerationFactor":0.46500423550605776,"airAcceleration":4.401825904846191,"maxGroundSpeed":2.8155062198638918,"maxAirSpeed":9.466205596923829,"totalJumpForce":0.0,"jumpRatio":0.0,"groundJumpForce":2.05047345161438,"airJumpForce":8.570919036865235,"mass":1.0444012880325318,"drag":2.7409181594848635,"widthScalar":1.2928119897842408,"heightScalar":1.376914143562317,"gravityScalar":0.4579695165157318,"hitstunDamageScalar":0.2215915024280548,"spriteIndex":66}