{"playerName":"Player 2","jumpKey":0,"leftKey":0,"rightKey":0,"attackKey":0,"stocks":3,"groundAccelerationFactor":0.6664199829101563,"groundAcceleration":3.9125492572784426,"airAccelerationFactor":0.2825525403022766,"airAcceleration":2.509791135787964,"maxGroundSpeed":5.870996475219727,"maxAirSpeed":8.882564544677735,"totalJumpForce":0.0,"jumpRatio":0.0,"groundJumpForce":5.539237022399902,"airJumpForce":10.837861061096192,"mass":1.5264248847961426,"drag":2.1930832862854006,"widthScalar":1.4493788480758668,"heightScalar":0.9554247856140137,"gravityScalar":0.9526251554489136,"hitstunDamageScalar":0.29410669207572939,"spriteIndex":67}