{"evolutionResults":[{"generationNumber":1,"topFitness":63.678123474121097,"averageFitness":-3.208254337310791,"averageTopFitness":11.264116287231446}]}