{"evolutionResults":[{"generationNumber":1,"topFitness":9.292160034179688,"averageFitness":-16.945507049560548,"averageTopFitness":-2.3485381603240969}]}