{"moveDist":1.3481950759887696,"moveAngle":0.25277772545814516,"moveLocX":1.3053514957427979,"moveLocY":0.33717602491378786,"widthScalar":1.4755957126617432,"heightScalar":0.5951443910598755,"warmUpDuration":0.41119393706321719,"executionDuration":0.1469316929578781,"coolDownDuration":0.4766884744167328,"damageFactor":0.9586120843887329,"damageGiven":5.991985321044922,"knockbackScalar":12.165332794189454,"knockbackModX":-0.6308925151824951,"knockbackModY":0.6721531748771668,"hitstunDuration":0.20851819217205048,"spriteIndex":154}