{"moveDist":1.0329724550247193,"moveAngle":0.8658881783485413,"moveLocX":0.6693288683891296,"moveLocY":0.7867852449417114,"widthScalar":1.416832447052002,"heightScalar":1.4503921270370484,"warmUpDuration":0.24421235918998719,"executionDuration":0.3165619671344757,"coolDownDuration":0.1888943612575531,"damageFactor":5.725850582122803,"damageGiven":9.29249095916748,"knockbackScalar":5.569718837738037,"knockbackModX":-0.6114939451217651,"knockbackModY":0.21294116973876954,"hitstunDuration":0.02145630493760109,"spriteIndex":216}