{"playerName":"Player 2","jumpKey":0,"leftKey":0,"rightKey":0,"attackKey":0,"stocks":3,"groundAccelerationFactor":0.8424027562141419,"groundAcceleration":4.945743560791016,"airAccelerationFactor":0.4209379553794861,"airAcceleration":3.1262667179107668,"maxGroundSpeed":5.870996475219727,"maxAirSpeed":7.426906108856201,"totalJumpForce":0.0,"jumpRatio":0.0,"groundJumpForce":3.6918344497680666,"airJumpForce":9.456182479858399,"mass":1.5363677740097047,"drag":2.0359277725219728,"widthScalar":0.7664324045181274,"heightScalar":1.3320568799972535,"gravityScalar":0.730908215045929,"hitstunDamageScalar":0.14178931713104249,"spriteIndex":3}