{"playerName":"Player 1","jumpKey":0,"leftKey":0,"rightKey":0,"attackKey":0,"stocks":3,"groundAccelerationFactor":0.20884761214256288,"groundAcceleration":1.1271055936813355,"airAccelerationFactor":0.0556802824139595,"airAcceleration":0.36130258440971377,"maxGroundSpeed":5.396784782409668,"maxAirSpeed":6.48887825012207,"totalJumpForce":0.0,"jumpRatio":0.0,"groundJumpForce":8.636316299438477,"airJumpForce":1.262042760848999,"mass":0.7543432712554932,"drag":2.110934019088745,"widthScalar":0.9370086193084717,"heightScalar":1.4757590293884278,"gravityScalar":0.3731939494609833,"hitstunDamageScalar":0.13145539164543153,"spriteIndex":8}