{"moveDist":1.1175642013549805,"moveAngle":3.319847583770752,"moveLocX":-1.0998560190200806,"moveLocY":-0.19815801084041596,"widthScalar":1.1881757974624634,"heightScalar":1.1793248653411866,"warmUpDuration":0.4283619523048401,"executionDuration":0.18138785660266877,"coolDownDuration":0.17010250687599183,"damageFactor":8.478195190429688,"damageGiven":11.611740112304688,"knockbackScalar":7.524703025817871,"knockbackModX":0.6312196254730225,"knockbackModY":-0.5886845588684082,"hitstunDuration":0.7984626889228821,"spriteIndex":17}