{"moveDist":1.4924087524414063,"moveAngle":5.94120454788208,"moveLocX":1.4059866666793824,"moveLocY":-0.5004850029945374,"widthScalar":0.5423982739448547,"heightScalar":1.2255258560180665,"warmUpDuration":0.24603086709976197,"executionDuration":0.37866923213005068,"coolDownDuration":0.5471360087394714,"damageFactor":1.2858152389526368,"damageGiven":6.506764888763428,"knockbackScalar":12.442212104797364,"knockbackModX":-0.14003390073776246,"knockbackModY":-0.04552987962961197,"hitstunDuration":0.24262557923793794,"spriteIndex":258}