{"playerName":"Player 1","jumpKey":0,"leftKey":0,"rightKey":0,"attackKey":0,"stocks":3,"groundAccelerationFactor":0.4157171845436096,"groundAcceleration":3.816237211227417,"airAccelerationFactor":0.17525920271873475,"airAcceleration":1.7207874059677125,"maxGroundSpeed":9.179887771606446,"maxAirSpeed":9.818528175354004,"totalJumpForce":0.0,"jumpRatio":0.0,"groundJumpForce":3.5681192874908449,"airJumpForce":13.473342895507813,"mass":0.9334882497787476,"drag":1.2257345914840699,"widthScalar":1.388187050819397,"heightScalar":0.6078280210494995,"gravityScalar":0.5264123678207398,"hitstunDamageScalar":0.2235724925994873,"spriteIndex":82}