{"playerName":"Player 2","jumpKey":0,"leftKey":0,"rightKey":0,"attackKey":0,"stocks":3,"groundAccelerationFactor":0.7275248765945435,"groundAcceleration":1.8944950103759766,"airAccelerationFactor":0.406055212020874,"airAcceleration":1.410544991493225,"maxGroundSpeed":2.60402774810791,"maxAirSpeed":3.473776340484619,"totalJumpForce":0.0,"jumpRatio":0.0,"groundJumpForce":8.425140380859375,"airJumpForce":2.7795417308807375,"mass":1.1460669040679932,"drag":4.395172595977783,"widthScalar":1.0680153369903565,"heightScalar":0.8879643678665161,"gravityScalar":0.8778825402259827,"hitstunDamageScalar":0.19389641284942628,"spriteIndex":46}