{"moveDist":1.0120337009429932,"moveAngle":0.10720205307006836,"moveLocX":1.0062240362167359,"moveLocY":0.10828440636396408,"widthScalar":1.4191631078720093,"heightScalar":1.1505224704742432,"warmUpDuration":0.25885626673698428,"executionDuration":0.16395090520381928,"coolDownDuration":0.5551512241363525,"damageFactor":2.5285675525665285,"damageGiven":7.472833633422852,"knockbackScalar":1.9221858978271485,"knockbackModX":0.4473639130592346,"knockbackModY":-0.650246262550354,"hitstunDuration":0.6707093715667725,"spriteIndex":112}