{"moveDist":1.1888898611068726,"moveAngle":3.188234329223633,"moveLocX":-1.1875969171524048,"moveLocY":-0.055431708693504336,"widthScalar":0.6749250292778015,"heightScalar":1.0395677089691163,"warmUpDuration":0.5076937675476074,"executionDuration":0.37615132331848147,"coolDownDuration":0.5620483756065369,"damageFactor":1.722028136253357,"damageGiven":7.489869117736816,"knockbackScalar":7.946047782897949,"knockbackModX":0.40550756454467776,"knockbackModY":0.5695396661758423,"hitstunDuration":0.7159518599510193,"spriteIndex":168}