{"playerName":"Player 2","jumpKey":0,"leftKey":0,"rightKey":0,"attackKey":0,"stocks":3,"groundAccelerationFactor":0.5897966623306274,"groundAcceleration":4.449169635772705,"airAccelerationFactor":0.3101734220981598,"airAcceleration":1.2490544319152833,"maxGroundSpeed":7.543565273284912,"maxAirSpeed":4.0269551277160648,"totalJumpForce":11.932583808898926,"jumpRatio":0.8219246864318848,"groundJumpForce":9.807684898376465,"airJumpForce":2.124898672103882,"mass":0.7710001468658447,"drag":3.8919053077697756,"widthScalar":0.9927395582199097,"heightScalar":0.8664952516555786,"gravityScalar":1.2046000957489014,"hitstunDamageScalar":0.18621277809143067,"spriteIndex":8}