{"playerName":"Player 1","jumpKey":0,"leftKey":0,"rightKey":0,"attackKey":0,"stocks":3,"groundAccelerationFactor":0.32404953241348269,"groundAcceleration":0.8884527087211609,"airAccelerationFactor":0.40567898750305178,"airAcceleration":2.430680990219116,"maxGroundSpeed":2.7417187690734865,"maxAirSpeed":5.991636276245117,"totalJumpForce":15.723593711853028,"jumpRatio":0.21564336121082307,"groundJumpForce":3.39068865776062,"airJumpForce":12.332904815673829,"mass":1.3712420463562012,"drag":5.382079124450684,"widthScalar":0.8481923341751099,"heightScalar":1.1357663869857789,"gravityScalar":1.231297254562378,"hitstunDamageScalar":0.14856715500354768,"spriteIndex":35}