{"moveDist":0.8851959705352783,"moveAngle":4.704416751861572,"moveLocX":-0.007056910078972578,"moveLocY":-0.8851678371429443,"widthScalar":0.960487961769104,"heightScalar":0.6140428781509399,"warmUpDuration":0.352810800075531,"executionDuration":0.2552744746208191,"coolDownDuration":0.22398759424686433,"damageFactor":5.6613945960998539,"damageGiven":9.710692405700684,"knockbackScalar":13.1367826461792,"knockbackModX":0.8762179613113403,"knockbackModY":0.0450897216796875,"hitstunDuration":0.6218774914741516,"spriteIndex":212}