{"playerName":"Player 1","jumpKey":0,"leftKey":0,"rightKey":0,"attackKey":0,"stocks":3,"groundAccelerationFactor":0.8252764344215393,"groundAcceleration":3.360185384750366,"airAccelerationFactor":0.6682240962982178,"airAcceleration":5.116824626922607,"maxGroundSpeed":4.071587562561035,"maxAirSpeed":7.657348155975342,"totalJumpForce":0.0,"jumpRatio":0.0,"groundJumpForce":13.077378273010254,"airJumpForce":8.48160171508789,"mass":1.6591886281967164,"drag":5.092444896697998,"widthScalar":0.7942151427268982,"heightScalar":1.4286870956420899,"gravityScalar":1.0771477222442628,"hitstunDamageScalar":0.23600858449935914,"spriteIndex":56}