{"playerName":"Player 2","jumpKey":0,"leftKey":0,"rightKey":0,"attackKey":0,"stocks":3,"groundAccelerationFactor":0.9514544010162354,"groundAcceleration":9.408146858215332,"airAccelerationFactor":0.2867189347743988,"airAcceleration":0.6202009916305542,"maxGroundSpeed":9.888174057006836,"maxAirSpeed":2.163097381591797,"totalJumpForce":0.0,"jumpRatio":0.0,"groundJumpForce":3.523104429244995,"airJumpForce":4.179207801818848,"mass":1.4338412284851075,"drag":3.7654881477355959,"widthScalar":1.011317491531372,"heightScalar":1.400956392288208,"gravityScalar":0.5365603566169739,"hitstunDamageScalar":0.1488911360502243,"spriteIndex":15}