{"moveDist":0.9872411489486694,"moveAngle":2.687842607498169,"moveLocX":-0.8873418569564819,"moveLocY":0.4327464699745178,"widthScalar":1.4533814191818238,"heightScalar":1.2755794525146485,"warmUpDuration":0.47680598497390749,"executionDuration":0.3632793426513672,"coolDownDuration":0.3662119209766388,"damageFactor":6.81084680557251,"damageGiven":13.215906143188477,"knockbackScalar":9.781883239746094,"knockbackModX":-0.011525060050189495,"knockbackModY":0.6206076145172119,"hitstunDuration":0.44921180605888369,"spriteIndex":183}