{"moveDist":0.9865648746490479,"moveAngle":4.536288738250732,"moveLocX":-0.1728377640247345,"moveLocY":-0.9713070392608643,"widthScalar":1.0535564422607422,"heightScalar":1.4762377738952637,"warmUpDuration":0.23039579391479493,"executionDuration":0.12417764216661453,"coolDownDuration":0.36060789227485659,"damageFactor":2.5381617546081545,"damageGiven":6.815246105194092,"knockbackScalar":9.655583381652832,"knockbackModX":-0.13445401191711427,"knockbackModY":-0.36354875564575198,"hitstunDuration":0.41060179471969607,"spriteIndex":77}