{"playerName":"Player 1","jumpKey":0,"leftKey":0,"rightKey":0,"attackKey":0,"stocks":3,"groundAccelerationFactor":0.2754652798175812,"groundAcceleration":1.2162541151046754,"airAccelerationFactor":0.8415939807891846,"airAcceleration":4.057220935821533,"maxGroundSpeed":4.415271759033203,"maxAirSpeed":4.8208770751953129,"totalJumpForce":0.0,"jumpRatio":0.0,"groundJumpForce":1.1898808479309083,"airJumpForce":7.271787643432617,"mass":1.1322087049484254,"drag":1.6500663757324219,"widthScalar":0.9176663160324097,"heightScalar":0.9828231334686279,"gravityScalar":0.8645550608634949,"hitstunDamageScalar":0.2328309714794159,"spriteIndex":66}