{"playerName":"Player 2","jumpKey":0,"leftKey":0,"rightKey":0,"attackKey":0,"stocks":3,"groundAccelerationFactor":0.8829806447029114,"groundAcceleration":3.3255672454833986,"airAccelerationFactor":0.8857917189598084,"airAcceleration":3.0770423412323,"maxGroundSpeed":3.766296863555908,"maxAirSpeed":3.473776340484619,"totalJumpForce":0.0,"jumpRatio":0.0,"groundJumpForce":12.91616439819336,"airJumpForce":8.372665405273438,"mass":1.3574210405349732,"drag":1.9451255798339844,"widthScalar":0.9590671062469482,"heightScalar":1.0475205183029175,"gravityScalar":0.38511353731155398,"hitstunDamageScalar":0.20192399621009828,"spriteIndex":41}