{"gameID":7,"generationNum":1,"totalDamageP1":70.44159698486328,"totalRecoveryStateTransitionP1":1404.0,"totalHitsReceivedP1":5.0,"remainingStocksP1":0.0,"totalDamageP2":37.75786209106445,"totalRecoveryStateTransitionP2":1656.0,"totalHitsReceivedP2":6.0,"remainingStocksP2":0.0,"totalGameLength":56.141357421875,"fitness":10.410215377807618,"loser":"Player 2","round":1}