{"gameID":7,"generationNum":1,"totalDamageP1":28.176639556884767,"totalRecoveryStateTransitionP1":971.0,"totalHitsReceivedP1":2.0,"remainingStocksP1":0.0,"totalDamageP2":12.585953712463379,"totalRecoveryStateTransitionP2":108.0,"totalHitsReceivedP2":2.0,"remainingStocksP2":3.0,"totalGameLength":15.646636962890625,"fitness":-19.836172103881837,"loser":"Player 1","round":0}