{"moveDist":1.3481950759887696,"moveAngle":0.25277772545814516,"moveLocX":1.3053514957427979,"moveLocY":0.33717602491378786,"widthScalar":0.7052381038665772,"heightScalar":1.1527782678604127,"warmUpDuration":0.571835458278656,"executionDuration":0.3595336973667145,"coolDownDuration":0.18290072679519654,"damageFactor":2.569748878479004,"damageGiven":7.863393783569336,"knockbackScalar":9.08889102935791,"knockbackModX":-0.07917704433202744,"knockbackModY":0.5796951055526733,"hitstunDuration":0.35445645451545718,"spriteIndex":157}