{"moveDist":1.1099129915237427,"moveAngle":3.2095930576324465,"moveLocX":-1.107347846031189,"moveLocY":-0.07541638612747193,"widthScalar":0.6045225262641907,"heightScalar":1.4665744304656983,"warmUpDuration":0.189400315284729,"executionDuration":0.2790522575378418,"coolDownDuration":0.5825459957122803,"damageFactor":9.384182929992676,"damageGiven":14.862762451171875,"knockbackScalar":13.63663387298584,"knockbackModX":0.20845018327236176,"knockbackModY":-0.21869967877864839,"hitstunDuration":0.561018168926239,"spriteIndex":149}