{"moveDist":1.34440279006958,"moveAngle":4.332427978515625,"moveLocX":-0.4986177980899811,"moveLocY":-1.2485188245773316,"widthScalar":1.416832447052002,"heightScalar":0.9765524864196777,"warmUpDuration":0.5496366024017334,"executionDuration":0.26115119457244875,"coolDownDuration":0.45522141456604006,"damageFactor":9.337629318237305,"damageGiven":16.82152557373047,"knockbackScalar":3.5270633697509767,"knockbackModX":0.22538459300994874,"knockbackModY":-0.0505744144320488,"hitstunDuration":0.8808993101119995,"spriteIndex":83}