{"moveDist":1.1288976669311524,"moveAngle":6.1797685623168949,"moveLocX":1.1228662729263306,"moveLocY":-0.11653893440961838,"widthScalar":1.0374094247817994,"heightScalar":1.3734526634216309,"warmUpDuration":0.3065491020679474,"executionDuration":0.2212165892124176,"coolDownDuration":0.5461022257804871,"damageFactor":2.8028128147125246,"damageGiven":8.00985050201416,"knockbackScalar":13.489229202270508,"knockbackModX":-0.6862553358078003,"knockbackModY":0.015132784843444825,"hitstunDuration":0.5414839386940002,"spriteIndex":86}