{"playerName":"Player 1","jumpKey":0,"leftKey":0,"rightKey":0,"attackKey":0,"stocks":3,"groundAccelerationFactor":0.10193993151187897,"groundAcceleration":0.8781459927558899,"airAccelerationFactor":0.05391839146614075,"airAcceleration":0.4136848449707031,"maxGroundSpeed":8.614347457885743,"maxAirSpeed":7.672425746917725,"totalJumpForce":0.0,"jumpRatio":0.0,"groundJumpForce":1.3921232223510743,"airJumpForce":7.583181858062744,"mass":2.0426430702209474,"drag":2.1251659393310549,"widthScalar":1.475518822669983,"heightScalar":0.7837499380111694,"gravityScalar":0.874489426612854,"hitstunDamageScalar":0.1583428680896759,"spriteIndex":52}