{"playerName":"Player 2","jumpKey":0,"leftKey":0,"rightKey":0,"attackKey":0,"stocks":3,"groundAccelerationFactor":0.8424027562141419,"groundAcceleration":4.945743560791016,"airAccelerationFactor":0.9009315371513367,"airAcceleration":6.691133975982666,"maxGroundSpeed":5.870996475219727,"maxAirSpeed":7.426906108856201,"totalJumpForce":0.0,"jumpRatio":0.0,"groundJumpForce":13.265992164611817,"airJumpForce":9.312626838684082,"mass":1.7176483869552613,"drag":5.684097766876221,"widthScalar":1.0424530506134034,"heightScalar":1.1897714138031006,"gravityScalar":0.668371319770813,"hitstunDamageScalar":0.11034020781517029,"spriteIndex":70}