{"playerName":"Player 2","jumpKey":0,"leftKey":0,"rightKey":0,"attackKey":0,"stocks":3,"groundAccelerationFactor":0.5980414152145386,"groundAcceleration":3.4971628189086916,"airAccelerationFactor":0.14754214882850648,"airAcceleration":0.6957685947418213,"maxGroundSpeed":5.84769344329834,"maxAirSpeed":4.715727806091309,"totalJumpForce":0.0,"jumpRatio":0.0,"groundJumpForce":13.068849563598633,"airJumpForce":7.750389099121094,"mass":1.987669587135315,"drag":1.1587817668914796,"widthScalar":1.3320844173431397,"heightScalar":0.9732456207275391,"gravityScalar":0.8756276369094849,"hitstunDamageScalar":0.10617942363023758,"spriteIndex":23}