{"playerName":"Player 1","jumpKey":0,"leftKey":0,"rightKey":0,"attackKey":0,"stocks":3,"groundAccelerationFactor":0.20884761214256288,"groundAcceleration":1.1271055936813355,"airAccelerationFactor":0.33791103959083559,"airAcceleration":3.209768056869507,"maxGroundSpeed":5.396784782409668,"maxAirSpeed":9.498855590820313,"totalJumpForce":0.0,"jumpRatio":0.0,"groundJumpForce":8.434954643249512,"airJumpForce":7.0457763671875,"mass":0.6633735299110413,"drag":3.9050073623657228,"widthScalar":1.2913843393325806,"heightScalar":1.171465277671814,"gravityScalar":0.4521937370300293,"hitstunDamageScalar":0.11066639423370362,"spriteIndex":8}