{"moveDist":1.1331918239593506,"moveAngle":4.596645832061768,"moveLocX":-0.13086654245853425,"moveLocY":-1.1256098747253419,"widthScalar":1.4962527751922608,"heightScalar":0.662642776966095,"warmUpDuration":0.37117600440979006,"executionDuration":0.20838269591331483,"coolDownDuration":0.5276750326156616,"damageFactor":7.817630290985107,"damageGiven":13.655943870544434,"knockbackScalar":4.135080814361572,"knockbackModX":0.2918274998664856,"knockbackModY":0.7291381359100342,"hitstunDuration":0.13493794202804566,"spriteIndex":59}