{"moveDist":0.9314892292022705,"moveAngle":0.43932536244392397,"moveLocX":0.8430339097976685,"moveLocY":0.3961893916130066,"widthScalar":1.4637203216552735,"heightScalar":1.353877305984497,"warmUpDuration":0.25842738151550295,"executionDuration":0.17391657829284669,"coolDownDuration":0.1776675134897232,"damageFactor":6.80119514465332,"damageGiven":9.148807525634766,"knockbackScalar":1.4117932319641114,"knockbackModX":0.010281668975949288,"knockbackModY":-0.2188979983329773,"hitstunDuration":0.6932671666145325,"spriteIndex":25}