{"moveDist":1.310823678970337,"moveAngle":2.406925916671753,"moveLocX":-0.972702145576477,"moveLocY":0.878697395324707,"widthScalar":1.309117078781128,"heightScalar":1.230125904083252,"warmUpDuration":0.27216267585754397,"executionDuration":0.30397751927375796,"coolDownDuration":0.4329521656036377,"damageFactor":5.167208194732666,"damageGiven":10.214190483093262,"knockbackScalar":12.154870986938477,"knockbackModX":0.024262554943561555,"knockbackModY":0.0001097437780117616,"hitstunDuration":0.044495608657598498,"spriteIndex":228}