{"playerName":"Player 2","jumpKey":0,"leftKey":0,"rightKey":0,"attackKey":0,"stocks":3,"groundAccelerationFactor":0.45742496848106387,"groundAcceleration":2.04060435295105,"airAccelerationFactor":0.8884888887405396,"airAcceleration":8.864019393920899,"maxGroundSpeed":4.461069107055664,"maxAirSpeed":9.976511001586914,"totalJumpForce":7.666582107543945,"jumpRatio":0.7816780805587769,"groundJumpForce":5.992799282073975,"airJumpForce":1.6737829446792603,"mass":0.9419010877609253,"drag":1.752443790435791,"widthScalar":1.068657636642456,"heightScalar":1.3253265619277955,"gravityScalar":0.5626544952392578,"hitstunDamageScalar":0.121461883187294,"spriteIndex":6}