{"playerName":"Player 1","jumpKey":0,"leftKey":0,"rightKey":0,"attackKey":0,"stocks":3,"groundAccelerationFactor":0.3862723410129547,"groundAcceleration":1.0331411361694337,"airAccelerationFactor":0.9021563529968262,"airAcceleration":6.7954607009887699,"maxGroundSpeed":2.6746444702148439,"maxAirSpeed":7.532464504241943,"totalJumpForce":5.270380020141602,"jumpRatio":0.8730016350746155,"groundJumpForce":4.60105037689209,"airJumpForce":0.6693296432495117,"mass":1.2705750465393067,"drag":5.365884780883789,"widthScalar":1.2147732973098755,"heightScalar":0.653831958770752,"gravityScalar":1.0042588710784913,"hitstunDamageScalar":0.2147327959537506,"spriteIndex":39}