{"playerName":"Player 1","jumpKey":0,"leftKey":0,"rightKey":0,"attackKey":0,"stocks":3,"groundAccelerationFactor":0.5588546395301819,"groundAcceleration":3.6327064037323,"airAccelerationFactor":0.40567898750305178,"airAcceleration":2.23380184173584,"maxGroundSpeed":6.500270843505859,"maxAirSpeed":5.506328582763672,"totalJumpForce":11.799592018127442,"jumpRatio":0.7876604795455933,"groundJumpForce":9.294072151184082,"airJumpForce":2.5055196285247804,"mass":0.5104769468307495,"drag":2.797776460647583,"widthScalar":0.8507747650146484,"heightScalar":1.3570095300674439,"gravityScalar":0.5124748945236206,"hitstunDamageScalar":0.28889912366867068,"spriteIndex":7}