{"moveDist":0.9284671545028687,"moveAngle":4.505565166473389,"moveLocX":-0.19066299498081208,"moveLocY":-0.908679723739624,"widthScalar":1.0569833517074586,"heightScalar":0.662642776966095,"warmUpDuration":0.5715439915657044,"executionDuration":0.30239051580429079,"coolDownDuration":0.19434469938278199,"damageFactor":7.817630290985107,"damageGiven":13.351411819458008,"knockbackScalar":4.135080814361572,"knockbackModX":0.2918274998664856,"knockbackModY":0.7291381359100342,"hitstunDuration":0.13493794202804566,"spriteIndex":16}