{"moveDist":1.310823678970337,"moveAngle":6.077188491821289,"moveLocX":1.2831096649169922,"moveLocY":-0.26811981201171877,"widthScalar":1.0137604475021363,"heightScalar":1.230125904083252,"warmUpDuration":0.1017991378903389,"executionDuration":0.23701590299606324,"coolDownDuration":0.3942579925060272,"damageFactor":5.167208194732666,"damageGiven":8.787940979003907,"knockbackScalar":12.154870986938477,"knockbackModX":-0.024262554943561555,"knockbackModY":0.0001097437780117616,"hitstunDuration":0.044495608657598498,"spriteIndex":99}