{"playerName":"Player 2","jumpKey":0,"leftKey":0,"rightKey":0,"attackKey":0,"stocks":3,"groundAccelerationFactor":0.7452902793884277,"groundAcceleration":3.324791431427002,"airAccelerationFactor":0.11167290061712265,"airAcceleration":1.0219250917434693,"maxGroundSpeed":4.461069107055664,"maxAirSpeed":9.151057243347168,"totalJumpForce":12.720166206359864,"jumpRatio":0.6451020240783691,"groundJumpForce":8.205804824829102,"airJumpForce":4.514361381530762,"mass":1.9750933647155762,"drag":3.3128674030303957,"widthScalar":1.1843421459197999,"heightScalar":1.270695447921753,"gravityScalar":0.6392207145690918,"hitstunDamageScalar":0.121461883187294,"spriteIndex":17}