{"playerName":"Player 1","jumpKey":0,"leftKey":0,"rightKey":0,"attackKey":0,"stocks":3,"groundAccelerationFactor":0.8269091248512268,"groundAcceleration":7.09351110458374,"airAccelerationFactor":0.68988037109375,"airAcceleration":3.150395154953003,"maxGroundSpeed":8.578344345092774,"maxAirSpeed":4.566581726074219,"totalJumpForce":5.030417442321777,"jumpRatio":0.626542329788208,"groundJumpForce":3.1517693996429445,"airJumpForce":1.8786479234695435,"mass":2.1093435287475588,"drag":4.759171009063721,"widthScalar":1.3431915044784547,"heightScalar":1.3570095300674439,"gravityScalar":0.5124748945236206,"hitstunDamageScalar":0.28889912366867068,"spriteIndex":10}