{"playerName":"Player 1","jumpKey":0,"leftKey":0,"rightKey":0,"attackKey":0,"stocks":3,"groundAccelerationFactor":0.6229825615882874,"groundAcceleration":1.7033401727676392,"airAccelerationFactor":0.8619801998138428,"airAcceleration":2.423431873321533,"maxGroundSpeed":2.7341699600219728,"maxAirSpeed":2.8114705085754396,"totalJumpForce":0.0,"jumpRatio":0.0,"groundJumpForce":14.786324501037598,"airJumpForce":7.439053058624268,"mass":1.6770704984664918,"drag":4.682656288146973,"widthScalar":1.268768310546875,"heightScalar":0.5044688582420349,"gravityScalar":1.0691496133804322,"hitstunDamageScalar":0.22865945100784303,"spriteIndex":9}