{"gameID":7,"generationNum":0,"totalDamageP1":20.350505828857423,"totalRecoveryStateTransitionP1":383.0,"totalHitsReceivedP1":3.0,"totalDamageP2":36.51070022583008,"totalRecoveryStateTransitionP2":985.0,"totalHitsReceivedP2":7.0,"totalGameLength":57.26873779296875,"fitness":1.801363229751587}