{"gameID":7,"generationNum":0,"totalDamageP1":0.0,"totalRecoveryStateTransitionP1":0.0,"totalHitsReceivedP1":0.0,"totalDamageP2":6.478382587432861,"totalRecoveryStateTransitionP2":124.0,"totalHitsReceivedP2":1.0,"totalGameLength":22.632476806640626,"fitness":-21.367523193359376}