{"moveDist":1.2083015441894532,"moveAngle":0.43932536244392397,"moveLocX":1.0935598611831666,"moveLocY":0.5139256715774536,"widthScalar":1.4713006019592286,"heightScalar":1.1917824745178223,"warmUpDuration":0.315757691860199,"executionDuration":0.35673242807388308,"coolDownDuration":0.1776675134897232,"damageFactor":2.3833248615264894,"damageGiven":7.0262017250061039,"knockbackScalar":1.4117932319641114,"knockbackModX":0.010281668975949288,"knockbackModY":-0.2188979983329773,"hitstunDuration":0.6932671666145325,"spriteIndex":224}