{"moveDist":0.9284671545028687,"moveAngle":1.282845377922058,"moveLocX":0.26367366313934328,"moveLocY":0.8902401328086853,"widthScalar":1.4170570373535157,"heightScalar":0.5404472947120667,"warmUpDuration":0.5715439915657044,"executionDuration":0.17560292780399323,"coolDownDuration":0.19042380154132844,"damageFactor":1.048827886581421,"damageGiven":5.9833502769470219,"knockbackScalar":11.714803695678711,"knockbackModX":0.2496587485074997,"knockbackModY":-0.650246262550354,"hitstunDuration":0.8545947670936585,"spriteIndex":150}