{"moveDist":1.235172986984253,"moveAngle":4.860032558441162,"moveLocX":0.18170353770256043,"moveLocY":-1.221734881401062,"widthScalar":1.2153806686401368,"heightScalar":1.319108009338379,"warmUpDuration":0.44143301248550417,"executionDuration":0.26517021656036379,"coolDownDuration":0.5726931691169739,"damageFactor":7.067902565002441,"damageGiven":14.041942596435547,"knockbackScalar":5.383202075958252,"knockbackModX":0.20878306031227113,"knockbackModY":-0.9653559923171997,"hitstunDuration":0.3228231370449066,"spriteIndex":147}