{"moveDist":1.3312551975250245,"moveAngle":1.2637295722961426,"moveLocX":0.40239036083221438,"moveLocY":1.2689847946166993,"widthScalar":1.0395770072937012,"heightScalar":1.0995533466339112,"warmUpDuration":0.279581755399704,"executionDuration":0.2915823459625244,"coolDownDuration":0.1101461872458458,"damageFactor":0.31676340103149416,"damageGiven":5.215814113616943,"knockbackScalar":7.824570178985596,"knockbackModX":-0.4557623565196991,"knockbackModY":0.16095542907714845,"hitstunDuration":0.6810165643692017,"spriteIndex":33}