{"moveDist":1.1207951307296754,"moveAngle":3.239166736602783,"moveLocX":-1.1154639720916749,"moveLocY":-0.10918711125850678,"widthScalar":1.060768485069275,"heightScalar":0.6586569547653198,"warmUpDuration":0.4510597288608551,"executionDuration":0.15090326964855195,"coolDownDuration":0.4548589885234833,"damageFactor":6.503773212432861,"damageGiven":11.873330116271973,"knockbackScalar":4.268038749694824,"knockbackModX":0.05327685549855232,"knockbackModY":-0.4076516032218933,"hitstunDuration":0.5710453391075134,"spriteIndex":249}