{"moveDist":1.310823678970337,"moveAngle":2.406925916671753,"moveLocX":-0.972702145576477,"moveLocY":0.878697395324707,"widthScalar":1.0137604475021363,"heightScalar":1.0195797681808472,"warmUpDuration":0.5573065280914307,"executionDuration":0.1610853672027588,"coolDownDuration":0.18515248596668244,"damageFactor":8.708971977233887,"damageGiven":12.868942260742188,"knockbackScalar":10.220052719116211,"knockbackModX":0.8458219766616821,"knockbackModY":0.805207371711731,"hitstunDuration":0.8793531656265259,"spriteIndex":159}