{"moveDist":1.1565519571304322,"moveAngle":4.407802104949951,"moveLocX":-0.34684890508651736,"moveLocY":-1.1033169031143189,"widthScalar":0.5209305882453919,"heightScalar":0.725145697593689,"warmUpDuration":0.40400928258895876,"executionDuration":0.24352556467056275,"coolDownDuration":0.3735641539096832,"damageFactor":1.1367096900939942,"damageGiven":6.160693168640137,"knockbackScalar":12.314610481262207,"knockbackModX":0.5451989769935608,"knockbackModY":0.1777358055114746,"hitstunDuration":0.9306308031082153,"spriteIndex":167}