{"moveDist":0.9910222291946411,"moveAngle":4.527891159057617,"moveLocX":-0.18180590867996217,"moveLocY":-0.9742030501365662,"widthScalar":1.4034199714660645,"heightScalar":0.5782086253166199,"warmUpDuration":0.11453915387392044,"executionDuration":0.19564616680145265,"coolDownDuration":0.4375990331172943,"damageFactor":2.3850479125976564,"damageGiven":6.783501625061035,"knockbackScalar":8.586172103881836,"knockbackModX":-0.4939432442188263,"knockbackModY":-0.7791656255722046,"hitstunDuration":0.3132302761077881,"spriteIndex":209}