{"playerName":"Player 2","jumpKey":0,"leftKey":0,"rightKey":0,"attackKey":0,"stocks":3,"groundAccelerationFactor":0.5049519538879395,"groundAcceleration":2.4605979919433595,"airAccelerationFactor":0.8719379305839539,"airAcceleration":2.228149652481079,"maxGroundSpeed":4.872934818267822,"maxAirSpeed":2.5553994178771974,"totalJumpForce":12.814455032348633,"jumpRatio":0.2727281153202057,"groundJumpForce":3.4948620796203615,"airJumpForce":9.319592475891114,"mass":0.9559006690979004,"drag":4.416294097900391,"widthScalar":0.8236283659934998,"heightScalar":0.8408796787261963,"gravityScalar":0.42629146575927737,"hitstunDamageScalar":0.197544664144516,"spriteIndex":67}