{"playerName":"Player 1","jumpKey":0,"leftKey":0,"rightKey":0,"attackKey":0,"stocks":3,"groundAccelerationFactor":0.9806668758392334,"groundAcceleration":8.8662691116333,"airAccelerationFactor":0.9356147050857544,"airAcceleration":4.813414573669434,"maxGroundSpeed":9.041061401367188,"maxAirSpeed":5.144654750823975,"totalJumpForce":15.1336088180542,"jumpRatio":0.8327628970146179,"groundJumpForce":12.602707862854004,"airJumpForce":2.5309009552001955,"mass":2.1006641387939455,"drag":4.179024696350098,"widthScalar":0.8041273355484009,"heightScalar":1.319250464439392,"gravityScalar":1.0564305782318116,"hitstunDamageScalar":0.25252264738082888,"spriteIndex":22}