{"playerName":"Player 2","jumpKey":0,"leftKey":0,"rightKey":0,"attackKey":0,"stocks":3,"groundAccelerationFactor":0.9742192029953003,"groundAcceleration":4.346059322357178,"airAccelerationFactor":0.3101734220981598,"airAcceleration":1.2490544319152833,"maxGroundSpeed":4.461069107055664,"maxAirSpeed":4.0269551277160648,"totalJumpForce":12.720166206359864,"jumpRatio":0.7816780805587769,"groundJumpForce":9.943075180053711,"airJumpForce":2.7770910263061525,"mass":1.6842159032821656,"drag":3.770139694213867,"widthScalar":1.052636742591858,"heightScalar":0.6279064416885376,"gravityScalar":1.2111284732818604,"hitstunDamageScalar":0.13007497787475587,"spriteIndex":36}