{"playerName":"Player 1","jumpKey":0,"leftKey":0,"rightKey":0,"attackKey":0,"stocks":3,"groundAccelerationFactor":0.39539656043052676,"groundAcceleration":3.391847848892212,"airAccelerationFactor":0.40567898750305178,"airAcceleration":2.430680990219116,"maxGroundSpeed":8.578344345092774,"maxAirSpeed":5.991636276245117,"totalJumpForce":9.559518814086914,"jumpRatio":0.5057692527770996,"groundJumpForce":4.834910869598389,"airJumpForce":4.724607944488525,"mass":1.962019681930542,"drag":5.336780548095703,"widthScalar":0.8481923341751099,"heightScalar":1.1357663869857789,"gravityScalar":0.6147313117980957,"hitstunDamageScalar":0.26534557342529299,"spriteIndex":42}