{"playerName":"Player 1","jumpKey":0,"leftKey":0,"rightKey":0,"attackKey":0,"stocks":3,"groundAccelerationFactor":0.3697379529476166,"groundAcceleration":2.8957653045654299,"airAccelerationFactor":0.5684603452682495,"airAcceleration":2.7065324783325197,"maxGroundSpeed":7.831939697265625,"maxAirSpeed":4.761163234710693,"totalJumpForce":5.270380020141602,"jumpRatio":0.5439125895500183,"groundJumpForce":2.866626024246216,"airJumpForce":2.4037539958953859,"mass":1.2705750465393067,"drag":5.365884780883789,"widthScalar":1.2822482585906983,"heightScalar":1.3139488697052003,"gravityScalar":1.0042588710784913,"hitstunDamageScalar":0.2147327959537506,"spriteIndex":39}