{"playerName":"Player 2","jumpKey":0,"leftKey":0,"rightKey":0,"attackKey":0,"stocks":3,"groundAccelerationFactor":0.6513380408287048,"groundAcceleration":4.249181747436523,"airAccelerationFactor":0.9535508155822754,"airAcceleration":7.654539108276367,"maxGroundSpeed":6.523773193359375,"maxAirSpeed":8.027405738830567,"totalJumpForce":6.751420974731445,"jumpRatio":0.37221741676330569,"groundJumpForce":2.5129964351654054,"airJumpForce":4.238424301147461,"mass":2.043264627456665,"drag":3.0005412101745607,"widthScalar":1.0092545747756959,"heightScalar":0.5673738718032837,"gravityScalar":0.9738377928733826,"hitstunDamageScalar":0.2598775625228882,"spriteIndex":29}