{"moveDist":1.1149089336395264,"moveAngle":5.6505327224731449,"moveLocX":0.8991315960884094,"moveLocY":-0.65923011302948,"widthScalar":0.847960352897644,"heightScalar":1.1793248653411866,"warmUpDuration":0.10569017380475998,"executionDuration":0.1169993132352829,"coolDownDuration":0.185957670211792,"damageFactor":7.90187406539917,"damageGiven":8.22907829284668,"knockbackScalar":10.495064735412598,"knockbackModX":-0.1752912700176239,"knockbackModY":-0.9764395356178284,"hitstunDuration":0.3598310649394989,"spriteIndex":130}