{"moveDist":1.0034805536270142,"moveAngle":3.164785623550415,"moveLocX":-1.0032106637954713,"moveLocY":-0.023271609097719194,"widthScalar":0.6770186424255371,"heightScalar":0.7473664879798889,"warmUpDuration":0.43909960985183718,"executionDuration":0.15731337666511537,"coolDownDuration":0.14387409389019013,"damageFactor":1.5807740688323975,"damageGiven":6.170226573944092,"knockbackScalar":3.94311785697937,"knockbackModX":0.007973255589604378,"knockbackModY":-0.011460051871836186,"hitstunDuration":0.11846629530191422,"spriteIndex":140}