{"playerName":"Player 2","jumpKey":0,"leftKey":0,"rightKey":0,"attackKey":0,"stocks":3,"groundAccelerationFactor":0.6664199829101563,"groundAcceleration":5.3887410163879398,"airAccelerationFactor":0.5721293687820435,"airAcceleration":4.204649448394775,"maxGroundSpeed":8.086103439331055,"maxAirSpeed":7.349123954772949,"totalJumpForce":0.0,"jumpRatio":0.0,"groundJumpForce":1.839643955230713,"airJumpForce":11.26787281036377,"mass":1.1362919807434083,"drag":2.8255491256713869,"widthScalar":1.465001106262207,"heightScalar":0.7242481112480164,"gravityScalar":0.33875757455825808,"hitstunDamageScalar":0.2769384980201721,"spriteIndex":26}