{"playerName":"Player 1","jumpKey":0,"leftKey":0,"rightKey":0,"attackKey":0,"stocks":3,"groundAccelerationFactor":0.7061758041381836,"groundAcceleration":2.411104440689087,"airAccelerationFactor":0.46500423550605776,"airAcceleration":2.7966651916503908,"maxGroundSpeed":3.4143118858337404,"maxAirSpeed":6.014278888702393,"totalJumpForce":0.0,"jumpRatio":0.0,"groundJumpForce":11.969670295715332,"airJumpForce":14.133879661560059,"mass":1.146111249923706,"drag":3.2504148483276369,"widthScalar":0.8954042196273804,"heightScalar":1.0539517402648926,"gravityScalar":0.3414834439754486,"hitstunDamageScalar":0.27380993962287905,"spriteIndex":58}