{"gameID":1,"generationNum":1,"totalDamageP1":66.03131103515625,"totalRecoveryStateTransitionP1":185.0,"totalHitsReceivedP1":6.0,"remainingStocksP1":0.0,"totalDamageP2":23.975534439086915,"totalRecoveryStateTransitionP2":97.0,"totalHitsReceivedP2":2.0,"remainingStocksP2":3.0,"totalGameLength":17.97783660888672,"fitness":-11.227056503295899,"loser":"Player 1","round":0}