{"moveDist":1.4750077724456788,"moveAngle":4.704416751861572,"moveLocX":-0.011758974753320217,"moveLocY":-1.4749609231948853,"widthScalar":1.3269857168197632,"heightScalar":1.4595978260040284,"warmUpDuration":0.4470166862010956,"executionDuration":0.36281365156173708,"coolDownDuration":0.1495821475982666,"damageFactor":7.283381938934326,"damageGiven":11.987767219543457,"knockbackScalar":12.56849193572998,"knockbackModX":-0.6086122393608093,"knockbackModY":-0.6677889227867127,"hitstunDuration":0.1726016104221344,"spriteIndex":106}