{"moveDist":1.34440279006958,"moveAngle":5.7938923835754398,"moveLocX":1.1866577863693238,"moveLocY":-0.6318718791007996,"widthScalar":1.416832447052002,"heightScalar":1.2172245979309083,"warmUpDuration":0.36733177304267886,"executionDuration":0.12417764216661453,"coolDownDuration":0.35108575224876406,"damageFactor":7.127050399780273,"damageGiven":11.005218505859375,"knockbackScalar":8.245340347290039,"knockbackModX":0.9322740435600281,"knockbackModY":0.9772230386734009,"hitstunDuration":0.18067467212677003,"spriteIndex":225}