{"playerName":"Player 1","jumpKey":0,"leftKey":0,"rightKey":0,"attackKey":0,"stocks":3,"groundAccelerationFactor":0.0631028488278389,"groundAcceleration":0.33481165766716006,"airAccelerationFactor":0.33791103959083559,"airAcceleration":2.804044485092163,"maxGroundSpeed":5.305809020996094,"maxAirSpeed":8.298173904418946,"totalJumpForce":0.0,"jumpRatio":0.0,"groundJumpForce":8.726131439208985,"airJumpForce":7.0457763671875,"mass":0.8513870239257813,"drag":1.6500663757324219,"widthScalar":0.9944977760314941,"heightScalar":1.260512113571167,"gravityScalar":0.8645550608634949,"hitstunDamageScalar":0.12999561429023744,"spriteIndex":78}