{"playerName":"Player 2","jumpKey":0,"leftKey":0,"rightKey":0,"attackKey":0,"stocks":3,"groundAccelerationFactor":0.06596366316080094,"groundAcceleration":0.387272447347641,"airAccelerationFactor":0.721544623374939,"airAcceleration":1.5607712268829346,"maxGroundSpeed":5.870996475219727,"maxAirSpeed":2.163097381591797,"totalJumpForce":0.0,"jumpRatio":0.0,"groundJumpForce":8.143630981445313,"airJumpForce":10.385805130004883,"mass":2.411468744277954,"drag":1.9451255798339844,"widthScalar":0.8777293562889099,"heightScalar":1.3244359493255616,"gravityScalar":0.38511353731155398,"hitstunDamageScalar":0.2634641230106354,"spriteIndex":16}