{"moveDist":1.1175642013549805,"moveAngle":3.319847583770752,"moveLocX":-1.0998560190200806,"moveLocY":-0.19815801084041596,"widthScalar":1.3823281526565552,"heightScalar":1.4595978260040284,"warmUpDuration":0.3126603066921234,"executionDuration":0.3960142135620117,"coolDownDuration":0.4985712170600891,"damageFactor":8.478195190429688,"damageGiven":15.235264778137207,"knockbackScalar":13.1367826461792,"knockbackModX":-0.0040624309331178669,"knockbackModY":-0.5886845588684082,"hitstunDuration":0.8492761254310608,"spriteIndex":222}