{"playerName":"Player 1","jumpKey":0,"leftKey":0,"rightKey":0,"attackKey":0,"stocks":3,"groundAccelerationFactor":0.7700114250183106,"groundAcceleration":4.085533618927002,"airAccelerationFactor":0.33791103959083559,"airAcceleration":2.804044485092163,"maxGroundSpeed":5.305809020996094,"maxAirSpeed":8.298173904418946,"totalJumpForce":0.0,"jumpRatio":0.0,"groundJumpForce":5.53737211227417,"airJumpForce":7.271787643432617,"mass":0.9153499007225037,"drag":4.0870137214660648,"widthScalar":0.9176663160324097,"heightScalar":1.1041098833084107,"gravityScalar":0.8645550608634949,"hitstunDamageScalar":0.2965978980064392,"spriteIndex":1}