{"playerName":"Player 2","jumpKey":0,"leftKey":0,"rightKey":0,"attackKey":0,"stocks":3,"groundAccelerationFactor":0.7275248765945435,"groundAcceleration":1.8944950103759766,"airAccelerationFactor":0.6905587315559387,"airAcceleration":2.3988466262817385,"maxGroundSpeed":2.60402774810791,"maxAirSpeed":3.473776340484619,"totalJumpForce":0.0,"jumpRatio":0.0,"groundJumpForce":8.425140380859375,"airJumpForce":2.7795417308807375,"mass":0.5211779475212097,"drag":1.9451255798339844,"widthScalar":0.9590671062469482,"heightScalar":0.7020376920700073,"gravityScalar":0.5975722074508667,"hitstunDamageScalar":0.2735788822174072,"spriteIndex":54}