{"moveDist":0.9871265888214111,"moveAngle":5.56476354598999,"moveLocX":0.7431537508964539,"moveLocY":-0.6497241258621216,"widthScalar":1.3269857168197632,"heightScalar":0.7281040549278259,"warmUpDuration":0.4470166862010956,"executionDuration":0.27310851216316225,"coolDownDuration":0.18290072679519654,"damageFactor":5.015134334564209,"damageGiven":9.528796195983887,"knockbackScalar":10.317638397216797,"knockbackModX":0.11125731468200684,"knockbackModY":0.6721531748771668,"hitstunDuration":0.07134488970041275,"spriteIndex":41}