{"moveDist":0.8850696086883545,"moveAngle":3.936312675476074,"moveLocX":-0.6199776530265808,"moveLocY":-0.6316454410552979,"widthScalar":1.416832447052002,"heightScalar":0.6141167283058167,"warmUpDuration":0.24603086709976197,"executionDuration":0.15285071730613709,"coolDownDuration":0.4357128441333771,"damageFactor":6.154709339141846,"damageGiven":10.136686325073243,"knockbackScalar":1.7546941041946412,"knockbackModX":-0.3598088324069977,"knockbackModY":0.517662525177002,"hitstunDuration":0.095880426466465,"spriteIndex":19}