{"playerName":"Player 2","jumpKey":0,"leftKey":0,"rightKey":0,"attackKey":0,"stocks":3,"groundAccelerationFactor":0.8424027562141419,"groundAcceleration":4.945743560791016,"airAccelerationFactor":0.5456950068473816,"airAcceleration":2.7023985385894777,"maxGroundSpeed":5.870996475219727,"maxAirSpeed":4.952214241027832,"totalJumpForce":0.0,"jumpRatio":0.0,"groundJumpForce":5.539237022399902,"airJumpForce":9.456182479858399,"mass":2.1932520866394045,"drag":2.0359277725219728,"widthScalar":1.2257870435714722,"heightScalar":0.9605417251586914,"gravityScalar":1.2230753898620606,"hitstunDamageScalar":0.13493163883686067,"spriteIndex":82}