{"playerName":"Player 1","jumpKey":0,"leftKey":0,"rightKey":0,"attackKey":0,"stocks":3,"groundAccelerationFactor":0.49438291788101199,"groundAcceleration":2.8920633792877199,"airAccelerationFactor":0.1560731828212738,"airAcceleration":0.607708215713501,"maxGroundSpeed":5.849844932556152,"maxAirSpeed":3.8937389850616457,"totalJumpForce":0.0,"jumpRatio":0.0,"groundJumpForce":9.578800201416016,"airJumpForce":13.78947639465332,"mass":0.5459638237953186,"drag":3.664815902709961,"widthScalar":0.9176663160324097,"heightScalar":0.8327836990356445,"gravityScalar":1.1842262744903565,"hitstunDamageScalar":0.27043983340263369,"spriteIndex":35}