{"moveDist":1.0146929025650025,"moveAngle":3.730661630630493,"moveLocX":-0.8436748385429382,"moveLocY":-0.5637503862380981,"widthScalar":0.6293150186538696,"heightScalar":1.1692273616790772,"warmUpDuration":0.19059407711029054,"executionDuration":0.39043256640434267,"coolDownDuration":0.4188659191131592,"damageFactor":6.799070358276367,"damageGiven":11.79833984375,"knockbackScalar":10.317638397216797,"knockbackModX":0.11125731468200684,"knockbackModY":0.6721531748771668,"hitstunDuration":0.20851819217205048,"spriteIndex":36}