{"moveDist":0.8183094263076782,"moveAngle":0.2436710149049759,"moveLocX":0.794135570526123,"moveLocY":0.19743090867996217,"widthScalar":1.2034395933151246,"heightScalar":0.9658545851707459,"warmUpDuration":0.21448412537574769,"executionDuration":0.287055104970932,"coolDownDuration":0.3125306963920593,"damageFactor":3.2959842681884767,"damageGiven":7.683161735534668,"knockbackScalar":5.569718837738037,"knockbackModX":-0.6114939451217651,"knockbackModY":0.21294116973876954,"hitstunDuration":0.02145630493760109,"spriteIndex":201}