{"playerName":"Player 2","jumpKey":0,"leftKey":0,"rightKey":0,"attackKey":0,"stocks":3,"groundAccelerationFactor":0.7078688740730286,"groundAcceleration":6.307085990905762,"airAccelerationFactor":0.15804126858711244,"airAcceleration":1.115538239479065,"maxGroundSpeed":8.909963607788086,"maxAirSpeed":7.0585246086120609,"totalJumpForce":0.0,"jumpRatio":0.0,"groundJumpForce":10.337353706359864,"airJumpForce":5.798753261566162,"mass":2.492204189300537,"drag":2.7056751251220705,"widthScalar":1.2872750759124756,"heightScalar":1.3320568799972535,"gravityScalar":1.0679415464401246,"hitstunDamageScalar":0.17355628311634065,"spriteIndex":3}