{"playerName":"Player 1","jumpKey":0,"leftKey":0,"rightKey":0,"attackKey":0,"stocks":3,"groundAccelerationFactor":0.2815100848674774,"groundAcceleration":2.583301544189453,"airAccelerationFactor":0.05274499952793121,"airAcceleration":0.4392389953136444,"maxGroundSpeed":9.176586151123047,"maxAirSpeed":8.327594757080079,"totalJumpForce":0.0,"jumpRatio":0.0,"groundJumpForce":6.665653705596924,"airJumpForce":1.262042760848999,"mass":1.1170916557312012,"drag":2.110934019088745,"widthScalar":1.402285099029541,"heightScalar":1.2279462814331055,"gravityScalar":0.3731939494609833,"hitstunDamageScalar":0.1240127757191658,"spriteIndex":45}