{"moveDist":1.0489492416381837,"moveAngle":4.505565166473389,"moveLocX":-0.21540428698062898,"moveLocY":-1.0265940427780152,"widthScalar":0.9936385750770569,"heightScalar":0.662642776966095,"warmUpDuration":0.34712207317352297,"executionDuration":0.31772229075431826,"coolDownDuration":0.5551512241363525,"damageFactor":8.613654136657715,"damageGiven":15.508620262145996,"knockbackScalar":14.78222942352295,"knockbackModX":0.2496587485074997,"knockbackModY":-0.650246262550354,"hitstunDuration":0.6707093715667725,"spriteIndex":17}