{"moveDist":1.4742662906646729,"moveAngle":0.43932536244392397,"moveLocX":1.3342682123184205,"moveLocY":0.6270481944084168,"widthScalar":1.4713006019592286,"heightScalar":1.353877305984497,"warmUpDuration":0.4612065553665161,"executionDuration":0.3006313443183899,"coolDownDuration":0.1776675134897232,"damageFactor":6.80119514465332,"damageGiven":11.38976001739502,"knockbackScalar":1.4117932319641114,"knockbackModX":0.010281668975949288,"knockbackModY":-0.2188979983329773,"hitstunDuration":0.6932671666145325,"spriteIndex":10}