{"playerName":"Player 1","jumpKey":0,"leftKey":0,"rightKey":0,"attackKey":0,"stocks":3,"groundAccelerationFactor":0.3862723410129547,"groundAcceleration":1.4190751314163209,"airAccelerationFactor":0.9215481877326965,"airAcceleration":4.387641429901123,"maxGroundSpeed":3.6737685203552248,"maxAirSpeed":4.761163234710693,"totalJumpForce":9.274446487426758,"jumpRatio":0.23339150846004487,"groundJumpForce":2.164577007293701,"airJumpForce":7.109869480133057,"mass":1.2705750465393067,"drag":1.2077572345733643,"widthScalar":1.3142192363739014,"heightScalar":1.3139488697052003,"gravityScalar":1.0042588710784913,"hitstunDamageScalar":0.12988196313381196,"spriteIndex":35}