{"moveDist":0.9856250882148743,"moveAngle":2.560000419616699,"moveLocX":-0.8235774636268616,"moveLocY":0.5414581298828125,"widthScalar":1.1500369310379029,"heightScalar":0.9251717329025269,"warmUpDuration":0.1931106448173523,"executionDuration":0.33697518706321719,"coolDownDuration":0.20115579664707185,"damageFactor":6.0525102615356449,"damageGiven":9.425847053527832,"knockbackScalar":8.810140609741211,"knockbackModX":0.7213543653488159,"knockbackModY":0.156274676322937,"hitstunDuration":0.7778788208961487,"spriteIndex":133}