{"moveDist":1.2090330123901368,"moveAngle":5.316915035247803,"moveLocX":0.687180757522583,"moveLocY":-0.9947579503059387,"widthScalar":1.2377073764801026,"heightScalar":1.256901502609253,"warmUpDuration":0.43611249327659609,"executionDuration":0.14209707081317902,"coolDownDuration":0.24529960751533509,"damageFactor":8.112338066101075,"damageGiven":11.680584907531739,"knockbackScalar":2.2368946075439455,"knockbackModX":0.8579488396644592,"knockbackModY":0.8635518550872803,"hitstunDuration":0.8544675707817078,"spriteIndex":182}