{"playerName":"Player 2","jumpKey":0,"leftKey":0,"rightKey":0,"attackKey":0,"stocks":3,"groundAccelerationFactor":0.30861738324165347,"groundAcceleration":2.715012550354004,"airAccelerationFactor":0.6422781944274902,"airAcceleration":3.5275349617004396,"maxGroundSpeed":8.797341346740723,"maxAirSpeed":5.492222785949707,"totalJumpForce":0.0,"jumpRatio":0.0,"groundJumpForce":9.476219177246094,"airJumpForce":10.391121864318848,"mass":1.5508795976638795,"drag":1.2493717670440674,"widthScalar":1.4155293703079224,"heightScalar":1.2807279825210572,"gravityScalar":0.8914363980293274,"hitstunDamageScalar":0.2530921399593353,"spriteIndex":46}