{"playerName":"Player 1","jumpKey":0,"leftKey":0,"rightKey":0,"attackKey":0,"stocks":3,"groundAccelerationFactor":0.631068766117096,"groundAcceleration":4.948148727416992,"airAccelerationFactor":0.8262563943862915,"airAcceleration":3.555467128753662,"maxGroundSpeed":7.840902805328369,"maxAirSpeed":4.303103923797607,"totalJumpForce":0.0,"jumpRatio":0.0,"groundJumpForce":10.858668327331543,"airJumpForce":8.364934921264649,"mass":1.8987518548965455,"drag":2.758117437362671,"widthScalar":0.7581589221954346,"heightScalar":1.1037206649780274,"gravityScalar":0.8359940648078919,"hitstunDamageScalar":0.16862154006958009,"spriteIndex":38}