{"moveDist":1.3481950759887696,"moveAngle":0.25277772545814516,"moveLocX":1.3053514957427979,"moveLocY":0.33717602491378786,"widthScalar":0.7649451494216919,"heightScalar":0.5951443910598755,"warmUpDuration":0.31007587909698489,"executionDuration":0.11199527978897095,"coolDownDuration":0.48144039511680605,"damageFactor":8.641355514526368,"damageGiven":12.807564735412598,"knockbackScalar":3.655388116836548,"knockbackModX":-0.03656288981437683,"knockbackModY":-0.02880758047103882,"hitstunDuration":0.4324509799480438,"spriteIndex":22}