{"moveDist":1.040066123008728,"moveAngle":2.076066017150879,"moveLocX":-0.5034372210502625,"moveLocY":0.9101036190986633,"widthScalar":1.416832447052002,"heightScalar":0.9765524864196777,"warmUpDuration":0.5496366024017334,"executionDuration":0.26115119457244875,"coolDownDuration":0.20851565897464753,"damageFactor":0.07733070850372315,"damageGiven":5.078823566436768,"knockbackScalar":1.7546941041946412,"knockbackModX":0.21660763025283814,"knockbackModY":-0.8114900588989258,"hitstunDuration":0.48051008582115176,"spriteIndex":97}