{"playerName":"Player 1","jumpKey":0,"leftKey":0,"rightKey":0,"attackKey":0,"stocks":3,"groundAccelerationFactor":0.0631028488278389,"groundAcceleration":0.21969404816627503,"airAccelerationFactor":0.33791103959083559,"airAcceleration":2.804044485092163,"maxGroundSpeed":3.4815235137939455,"maxAirSpeed":8.298173904418946,"totalJumpForce":0.0,"jumpRatio":0.0,"groundJumpForce":8.434954643249512,"airJumpForce":7.0457763671875,"mass":1.008639931678772,"drag":3.349403142929077,"widthScalar":1.0765615701675416,"heightScalar":0.6460228562355042,"gravityScalar":0.3516220450401306,"hitstunDamageScalar":0.18536347150802613,"spriteIndex":6}