{"playerName":"Player 2","jumpKey":0,"leftKey":0,"rightKey":0,"attackKey":0,"stocks":3,"groundAccelerationFactor":0.8424027562141419,"groundAcceleration":8.329825401306153,"airAccelerationFactor":0.4209379553794861,"airAcceleration":0.9105297923088074,"maxGroundSpeed":9.888174057006836,"maxAirSpeed":2.163097381591797,"totalJumpForce":0.0,"jumpRatio":0.0,"groundJumpForce":3.6918344497680666,"airJumpForce":1.6903278827667237,"mass":1.5553959608078004,"drag":2.783734083175659,"widthScalar":1.0631242990493775,"heightScalar":0.981573760509491,"gravityScalar":1.0605278015136719,"hitstunDamageScalar":0.22570422291755677,"spriteIndex":42}