{"moveDist":0.8450272083282471,"moveAngle":2.359980344772339,"moveLocX":-0.5997823476791382,"moveLocY":0.5952580571174622,"widthScalar":0.5794178247451782,"heightScalar":1.385697603225708,"warmUpDuration":0.2356189787387848,"executionDuration":0.15383696556091309,"coolDownDuration":0.5856468677520752,"damageFactor":8.351694107055664,"damageGiven":13.143760681152344,"knockbackScalar":7.552716255187988,"knockbackModX":0.2924073338508606,"knockbackModY":0.02836334891617298,"hitstunDuration":0.18179157376289369,"spriteIndex":193}