{"moveDist":1.1949659585952759,"moveAngle":5.964391708374023,"moveLocX":1.1347566843032838,"moveLocY":-0.37452760338783266,"widthScalar":1.3665955066680909,"heightScalar":1.0114150047302247,"warmUpDuration":0.4530404806137085,"executionDuration":0.13543498516082765,"coolDownDuration":0.4789167046546936,"damageFactor":9.384842872619629,"damageGiven":15.017308235168457,"knockbackScalar":6.813934803009033,"knockbackModX":-0.565082848072052,"knockbackModY":-0.5962701439857483,"hitstunDuration":0.4157380163669586,"spriteIndex":32}