{"playerName":"Player 1","jumpKey":0,"leftKey":0,"rightKey":0,"attackKey":0,"stocks":3,"groundAccelerationFactor":0.5597670674324036,"groundAcceleration":5.274124622344971,"airAccelerationFactor":0.3914690315723419,"airAcceleration":1.2099652290344239,"maxGroundSpeed":9.421998977661133,"maxAirSpeed":3.090832471847534,"totalJumpForce":0.0,"jumpRatio":0.0,"groundJumpForce":9.929101943969727,"airJumpForce":12.79506778717041,"mass":1.4985125064849854,"drag":5.720473766326904,"widthScalar":1.1046457290649415,"heightScalar":0.8868760466575623,"gravityScalar":0.6211127638816834,"hitstunDamageScalar":0.24855181574821473,"spriteIndex":81}