{"playerName":"Player 2","jumpKey":0,"leftKey":0,"rightKey":0,"attackKey":0,"stocks":3,"groundAccelerationFactor":0.454105406999588,"groundAcceleration":3.4783742427825929,"airAccelerationFactor":0.19551262259483338,"airAcceleration":0.7954302430152893,"maxGroundSpeed":7.659838676452637,"maxAirSpeed":4.068434238433838,"totalJumpForce":0.0,"jumpRatio":0.0,"groundJumpForce":5.236338138580322,"airJumpForce":9.563689231872559,"mass":2.2161478996276857,"drag":4.900104522705078,"widthScalar":1.0489885807037354,"heightScalar":1.2122251987457276,"gravityScalar":0.70911705493927,"hitstunDamageScalar":0.2210516631603241,"spriteIndex":33}