{"playerName":"Player 1","jumpKey":0,"leftKey":0,"rightKey":0,"attackKey":0,"stocks":3,"groundAccelerationFactor":0.9810295701026917,"groundAcceleration":7.304275989532471,"airAccelerationFactor":0.17517618834972382,"airAcceleration":1.7197540998458863,"maxGroundSpeed":7.445520877838135,"maxAirSpeed":9.817282676696778,"totalJumpForce":0.0,"jumpRatio":0.0,"groundJumpForce":10.603434562683106,"airJumpForce":9.689802169799805,"mass":0.7151557207107544,"drag":4.602100372314453,"widthScalar":1.4041060209274293,"heightScalar":1.4007790088653565,"gravityScalar":1.0486361980438233,"hitstunDamageScalar":0.25128331780433657,"spriteIndex":79}