{"moveDist":1.426023244857788,"moveAngle":3.2034871578216554,"moveLocX":-1.423292636871338,"moveLocY":-0.08820665627717972,"widthScalar":0.679814338684082,"heightScalar":1.138502597808838,"warmUpDuration":0.1399858295917511,"executionDuration":0.3318259119987488,"coolDownDuration":0.18676427006721497,"damageFactor":8.1582612991333,"damageGiven":10.372835159301758,"knockbackScalar":4.718940734863281,"knockbackModX":0.06251146644353867,"knockbackModY":0.3023184537887573,"hitstunDuration":0.1498783677816391,"spriteIndex":198}