{"playerName":"Player 2","jumpKey":0,"leftKey":0,"rightKey":0,"attackKey":0,"stocks":3,"groundAccelerationFactor":0.3827827274799347,"groundAcceleration":1.0519862174987794,"airAccelerationFactor":0.5496372580528259,"airAcceleration":3.4933154582977297,"maxGroundSpeed":2.7482593059539797,"maxAirSpeed":6.3556742668151859,"totalJumpForce":0.0,"jumpRatio":0.0,"groundJumpForce":11.83952808380127,"airJumpForce":5.0926995277404789,"mass":1.8478715419769288,"drag":4.866381645202637,"widthScalar":1.3063719272613526,"heightScalar":1.4500837326049805,"gravityScalar":1.0883452892303467,"hitstunDamageScalar":0.10014192014932633,"spriteIndex":20}