{"moveDist":0.9914477467536926,"moveAngle":1.441575050354004,"moveLocX":0.1277598887681961,"moveLocY":0.9831815958023071,"widthScalar":0.8100190162658691,"heightScalar":1.3610533475875855,"warmUpDuration":0.47069934010505679,"executionDuration":0.3725200593471527,"coolDownDuration":0.20789656043052674,"damageFactor":2.125657558441162,"damageGiven":7.234312534332275,"knockbackScalar":14.887289047241211,"knockbackModX":-0.3817633390426636,"knockbackModY":0.30876660346984866,"hitstunDuration":0.06098345294594765,"spriteIndex":258}