{"playerName":"Player 1","jumpKey":0,"leftKey":0,"rightKey":0,"attackKey":0,"stocks":3,"groundAccelerationFactor":0.14121276140213014,"groundAcceleration":0.8001101016998291,"airAccelerationFactor":0.10581693053245545,"airAcceleration":0.9128823280334473,"maxGroundSpeed":5.665989875793457,"maxAirSpeed":8.626996994018555,"totalJumpForce":0.0,"jumpRatio":0.0,"groundJumpForce":8.976760864257813,"airJumpForce":1.8227810859680176,"mass":1.8377796411514283,"drag":2.4918088912963869,"widthScalar":1.2096326351165772,"heightScalar":1.0348899364471436,"gravityScalar":0.5741159915924072,"hitstunDamageScalar":0.13977783918380738,"spriteIndex":60}