{"gameID":6,"generationNum":1,"totalDamageP1":93.16673278808594,"totalRecoveryStateTransitionP1":894.0,"totalHitsReceivedP1":7.0,"remainingStocksP1":0.0,"totalDamageP2":96.36573028564453,"totalRecoveryStateTransitionP2":531.0,"totalHitsReceivedP2":13.0,"remainingStocksP2":1.0,"totalGameLength":60.000579833984378,"fitness":-8.367232322692871,"loser":"Player 1","round":0}