{"moveDist":1.1175642013549805,"moveAngle":3.319847583770752,"moveLocX":-1.0998560190200806,"moveLocY":-0.19815801084041596,"widthScalar":0.8534849882125855,"heightScalar":1.4595978260040284,"warmUpDuration":0.4470166862010956,"executionDuration":0.36281365156173708,"coolDownDuration":0.18290072679519654,"damageFactor":3.5579516887664797,"damageGiven":8.532089233398438,"knockbackScalar":6.518328666687012,"knockbackModX":0.07917704433202744,"knockbackModY":-0.2007729709148407,"hitstunDuration":0.4324509799480438,"spriteIndex":222}