{"moveDist":0.8490198850631714,"moveAngle":3.02447772026062,"moveLocX":-0.8432040214538574,"moveLocY":0.09920576214790344,"widthScalar":0.9252779483795166,"heightScalar":0.8589062690734863,"warmUpDuration":0.2819116413593292,"executionDuration":0.13523423671722413,"coolDownDuration":0.11435068398714066,"damageFactor":4.539535999298096,"damageGiven":7.412747859954834,"knockbackScalar":5.300556659698486,"knockbackModX":0.2931472361087799,"knockbackModY":0.24293604493141175,"hitstunDuration":0.27716201543807986,"spriteIndex":158}