{"moveDist":1.2587988376617432,"moveAngle":0.9591136574745178,"moveLocX":0.7228600382804871,"moveLocY":1.0305570363998414,"widthScalar":0.6510063409805298,"heightScalar":0.8978086709976196,"warmUpDuration":0.17597633600234986,"executionDuration":0.16208253800868989,"coolDownDuration":0.545841634273529,"damageFactor":9.400981903076172,"damageGiven":13.30953311920166,"knockbackScalar":5.154001235961914,"knockbackModX":0.04221709817647934,"knockbackModY":-0.18535810708999635,"hitstunDuration":0.8134158849716187,"spriteIndex":13}