{"moveDist":0.9107027649879456,"moveAngle":3.020803689956665,"moveLocX":-0.9040672779083252,"moveLocY":0.10973554849624634,"widthScalar":1.3736599683761597,"heightScalar":1.2515736818313599,"warmUpDuration":0.5799515843391419,"executionDuration":0.11766840517520905,"coolDownDuration":0.3125306963920593,"damageFactor":6.144795894622803,"damageGiven":11.207169532775879,"knockbackScalar":7.628924369812012,"knockbackModX":-0.45361942052841189,"knockbackModY":-0.8114900588989258,"hitstunDuration":0.48051008582115176,"spriteIndex":75}