{"playerName":"Player 1","jumpKey":0,"leftKey":0,"rightKey":0,"attackKey":0,"stocks":3,"groundAccelerationFactor":0.9415950775146484,"groundAcceleration":7.766164302825928,"airAccelerationFactor":0.5015829205513,"airAcceleration":1.9154425859451295,"maxGroundSpeed":8.247880935668946,"maxAirSpeed":3.8187954425811769,"totalJumpForce":0.0,"jumpRatio":0.0,"groundJumpForce":6.099689483642578,"airJumpForce":9.604853630065918,"mass":0.7758158445358276,"drag":5.184051990509033,"widthScalar":1.2700691223144532,"heightScalar":0.8986184597015381,"gravityScalar":1.2239816188812256,"hitstunDamageScalar":0.25522926449775698,"spriteIndex":29}