{"playerName":"Player 2","jumpKey":0,"leftKey":0,"rightKey":0,"attackKey":0,"stocks":3,"groundAccelerationFactor":0.9403196573257446,"groundAcceleration":8.213091850280762,"airAccelerationFactor":0.6583546996116638,"airAcceleration":1.7479283809661866,"maxGroundSpeed":8.73436164855957,"maxAirSpeed":2.6549949645996095,"totalJumpForce":0.0,"jumpRatio":0.0,"groundJumpForce":11.314891815185547,"airJumpForce":14.20554256439209,"mass":1.6884175539016724,"drag":4.5027756690979,"widthScalar":1.4735817909240723,"heightScalar":0.7680478692054749,"gravityScalar":1.2324914932250977,"hitstunDamageScalar":0.1095714420080185,"spriteIndex":78}