{"moveDist":1.1175642013549805,"moveAngle":3.319847583770752,"moveLocX":-1.0998560190200806,"moveLocY":-0.19815801084041596,"widthScalar":1.3823281526565552,"heightScalar":0.6403019428253174,"warmUpDuration":0.34840261936187746,"executionDuration":0.2896697223186493,"coolDownDuration":0.5488772988319397,"damageFactor":4.1981401443481449,"damageGiven":9.982980728149414,"knockbackScalar":12.692790031433106,"knockbackModX":0.011525060050189495,"knockbackModY":-0.7733694314956665,"hitstunDuration":0.8492761254310608,"spriteIndex":35}