{"moveDist":0.9107027649879456,"moveAngle":5.211283206939697,"moveLocX":0.43573012948036196,"moveLocY":-0.7996991276741028,"widthScalar":1.3736599683761597,"heightScalar":0.6553268432617188,"warmUpDuration":0.5922024846076965,"executionDuration":0.33859989047050478,"coolDownDuration":0.3125306963920593,"damageFactor":4.065874099731445,"damageGiven":10.055235862731934,"knockbackScalar":1.7546941041946412,"knockbackModX":-0.9656069874763489,"knockbackModY":-0.14852845668792725,"hitstunDuration":0.41060179471969607,"spriteIndex":185}