{"playerName":"Player 2","jumpKey":0,"leftKey":0,"rightKey":0,"attackKey":0,"stocks":3,"groundAccelerationFactor":0.8829806447029114,"groundAcceleration":5.829371929168701,"airAccelerationFactor":0.5368444919586182,"airAcceleration":1.864877700805664,"maxGroundSpeed":6.601924896240234,"maxAirSpeed":3.473776340484619,"totalJumpForce":0.0,"jumpRatio":0.0,"groundJumpForce":12.91616439819336,"airJumpForce":6.706669330596924,"mass":1.5363677740097047,"drag":1.1714872121810914,"widthScalar":0.9866138696670532,"heightScalar":1.3916877508163453,"gravityScalar":0.38511353731155398,"hitstunDamageScalar":0.20192399621009828,"spriteIndex":70}