{"playerName":"Player 1","jumpKey":0,"leftKey":0,"rightKey":0,"attackKey":0,"stocks":3,"groundAccelerationFactor":0.7659777998924255,"groundAcceleration":6.401321887969971,"airAccelerationFactor":0.6682240962982178,"airAcceleration":5.116824626922607,"maxGroundSpeed":8.357059478759766,"maxAirSpeed":7.657348155975342,"totalJumpForce":0.0,"jumpRatio":0.0,"groundJumpForce":9.578800201416016,"airJumpForce":7.135636329650879,"mass":0.8284820914268494,"drag":4.561983108520508,"widthScalar":0.7625024318695068,"heightScalar":0.8327836990356445,"gravityScalar":0.6937534809112549,"hitstunDamageScalar":0.23360446095466615,"spriteIndex":70}