{"gameID":6,"generationNum":0,"totalDamageP1":5.8535380363464359,"totalRecoveryStateTransitionP1":0.0,"totalHitsReceivedP1":1.0,"totalDamageP2":30.262489318847658,"totalRecoveryStateTransitionP2":0.0,"totalHitsReceivedP2":3.0,"totalGameLength":25.69488525390625,"fitness":-14.134407043457032}