{"moveDist":0.9043759107589722,"moveAngle":6.056227207183838,"moveLocX":0.8811835646629334,"moveLocY":-0.20349784195423127,"widthScalar":1.0760412216186524,"heightScalar":1.1067349910736085,"warmUpDuration":0.23730632662773133,"executionDuration":0.36851975321769717,"coolDownDuration":0.1139768585562706,"damageFactor":7.067902565002441,"damageGiven":10.087496757507325,"knockbackScalar":5.383202075958252,"knockbackModX":0.20878306031227113,"knockbackModY":-0.9653559923171997,"hitstunDuration":0.3228231370449066,"spriteIndex":0}