{"moveDist":1.3039817810058594,"moveAngle":4.473515510559082,"moveLocX":-0.30853283405303957,"moveLocY":-1.2669553756713868,"widthScalar":1.4191631078720093,"heightScalar":0.7278063297271729,"warmUpDuration":0.517642080783844,"executionDuration":0.3236016631126404,"coolDownDuration":0.4497598707675934,"damageFactor":3.927298069000244,"damageGiven":10.07015609741211,"knockbackScalar":2.797996997833252,"knockbackModX":0.3658817410469055,"knockbackModY":-0.650246262550354,"hitstunDuration":0.6707093715667725,"spriteIndex":4}