{"moveDist":1.417907476425171,"moveAngle":4.527891159057617,"moveLocX":-0.2601192593574524,"moveLocY":-1.393843412399292,"widthScalar":1.1303263902664185,"heightScalar":0.5782086253166199,"warmUpDuration":0.11453915387392044,"executionDuration":0.19564616680145265,"coolDownDuration":0.4375990331172943,"damageFactor":1.2933897972106934,"damageGiven":5.96717643737793,"knockbackScalar":5.752217769622803,"knockbackModX":0.4939432442188263,"knockbackModY":-0.3490888476371765,"hitstunDuration":0.04459632560610771,"spriteIndex":134}