{"moveDist":1.4518710374832154,"moveAngle":3.241037130355835,"moveLocX":-1.4446980953216553,"moveLocY":-0.14414270222187043,"widthScalar":1.2198517322540284,"heightScalar":0.725145697593689,"warmUpDuration":0.13379493355751038,"executionDuration":0.24352556467056275,"coolDownDuration":0.3735641539096832,"damageFactor":1.1367096900939942,"damageGiven":5.8535380363464359,"knockbackScalar":13.839937210083008,"knockbackModX":0.10611904412508011,"knockbackModY":0.26749706268310549,"hitstunDuration":0.7240628600120544,"spriteIndex":201}