{"moveDist":1.0435938835144044,"moveAngle":0.049044422805309299,"moveLocX":1.0423389673233033,"moveLocY":0.05116194486618042,"widthScalar":0.7626636028289795,"heightScalar":0.6586569547653198,"warmUpDuration":0.4510597288608551,"executionDuration":0.15090326964855195,"coolDownDuration":0.4548589885234833,"damageFactor":6.503773212432861,"damageGiven":11.873330116271973,"knockbackScalar":4.268038749694824,"knockbackModX":0.05327685549855232,"knockbackModY":-0.4076516032218933,"hitstunDuration":0.45815497636795046,"spriteIndex":150}