{"playerName":"Player 2","jumpKey":0,"leftKey":0,"rightKey":0,"attackKey":0,"stocks":3,"groundAccelerationFactor":0.00931687094271183,"groundAcceleration":0.05246841534972191,"airAccelerationFactor":0.6173286437988281,"airAcceleration":2.884964942932129,"maxGroundSpeed":5.631548881530762,"maxAirSpeed":4.673305034637451,"totalJumpForce":12.855405807495118,"jumpRatio":0.39027172327041628,"groundJumpForce":5.017101287841797,"airJumpForce":7.83830451965332,"mass":1.0435497760772706,"drag":1.5429842472076417,"widthScalar":1.0092545747756959,"heightScalar":0.5673738718032837,"gravityScalar":0.7059056758880615,"hitstunDamageScalar":0.2598775625228882,"spriteIndex":64}