{"playerName":"Player 1","jumpKey":0,"leftKey":0,"rightKey":0,"attackKey":0,"stocks":3,"groundAccelerationFactor":0.3697379529476166,"groundAcceleration":0.9889175891876221,"airAccelerationFactor":0.5684603452682495,"airAcceleration":2.7065324783325197,"maxGroundSpeed":2.6746444702148439,"maxAirSpeed":4.761163234710693,"totalJumpForce":5.270380020141602,"jumpRatio":0.5439125895500183,"groundJumpForce":2.866626024246216,"airJumpForce":2.4037539958953859,"mass":1.2705750465393067,"drag":5.365884780883789,"widthScalar":1.3337193727493287,"heightScalar":1.3139488697052003,"gravityScalar":1.0042588710784913,"hitstunDamageScalar":0.12155772745609284,"spriteIndex":51}