{"playerName":"Player 1","jumpKey":0,"leftKey":0,"rightKey":0,"attackKey":0,"stocks":3,"groundAccelerationFactor":0.9881766438484192,"groundAcceleration":3.533120632171631,"airAccelerationFactor":0.10968619585037232,"airAcceleration":0.5337604284286499,"maxGroundSpeed":3.5753936767578127,"maxAirSpeed":4.866250038146973,"totalJumpForce":15.723593711853028,"jumpRatio":0.6991161108016968,"groundJumpForce":10.9926176071167,"airJumpForce":4.730976104736328,"mass":1.6927531957626343,"drag":5.382079124450684,"widthScalar":0.8481923341751099,"heightScalar":1.1357663869857789,"gravityScalar":1.231297254562378,"hitstunDamageScalar":0.256478875875473,"spriteIndex":33}