{"playerName":"Player 1","jumpKey":0,"leftKey":0,"rightKey":0,"attackKey":0,"stocks":3,"groundAccelerationFactor":0.75580894947052,"groundAcceleration":6.367839813232422,"airAccelerationFactor":0.382576048374176,"airAcceleration":3.7747249603271486,"maxGroundSpeed":8.42519760131836,"maxAirSpeed":9.866600036621094,"totalJumpForce":16.846805572509767,"jumpRatio":0.7798148989677429,"groundJumpForce":13.13739013671875,"airJumpForce":3.7094156742095949,"mass":1.3291261196136475,"drag":2.9163098335266115,"widthScalar":0.9478344917297363,"heightScalar":1.319250464439392,"gravityScalar":1.0564305782318116,"hitstunDamageScalar":0.25252264738082888,"spriteIndex":79}