{"playerName":"Player 2","jumpKey":0,"leftKey":0,"rightKey":0,"attackKey":0,"stocks":3,"groundAccelerationFactor":0.45742496848106387,"groundAcceleration":2.04060435295105,"airAccelerationFactor":0.8884888887405396,"airAcceleration":8.864019393920899,"maxGroundSpeed":4.461069107055664,"maxAirSpeed":9.976511001586914,"totalJumpForce":16.13802719116211,"jumpRatio":0.6127018928527832,"groundJumpForce":9.887800216674805,"airJumpForce":6.250227451324463,"mass":1.9707883596420289,"drag":5.803175449371338,"widthScalar":1.1978596448898316,"heightScalar":0.8664952516555786,"gravityScalar":1.2039918899536133,"hitstunDamageScalar":0.18621277809143067,"spriteIndex":23}