{"moveDist":1.3481950759887696,"moveAngle":4.704416751861572,"moveLocX":-0.010748006403446198,"moveLocY":-1.3481522798538209,"widthScalar":1.3269857168197632,"heightScalar":1.4595978260040284,"warmUpDuration":0.5852968692779541,"executionDuration":0.3080505430698395,"coolDownDuration":0.5488772988319397,"damageFactor":8.225878715515137,"damageGiven":16.86356544494629,"knockbackScalar":12.56849193572998,"knockbackModX":0.6086122393608093,"knockbackModY":-0.9814049005508423,"hitstunDuration":0.39698708057403567,"spriteIndex":221}