{"moveDist":1.1523844003677369,"moveAngle":1.78981351852417,"moveLocX":-0.2503790259361267,"moveLocY":1.124855637550354,"widthScalar":1.017334222793579,"heightScalar":0.5016855001449585,"warmUpDuration":0.27897965908050539,"executionDuration":0.257695734500885,"coolDownDuration":0.11181306838989258,"damageFactor":8.602034568786621,"damageGiven":10.578320503234864,"knockbackScalar":7.628924369812012,"knockbackModX":-0.45361942052841189,"knockbackModY":-0.9379761219024658,"hitstunDuration":0.21006512641906739,"spriteIndex":38}