{"playerName":"Player 2","jumpKey":0,"leftKey":0,"rightKey":0,"attackKey":0,"stocks":3,"groundAccelerationFactor":0.6205033659934998,"groundAcceleration":3.3915510177612306,"airAccelerationFactor":0.4663951098918915,"airAcceleration":3.4638726711273195,"maxGroundSpeed":5.465806007385254,"maxAirSpeed":7.426906108856201,"totalJumpForce":0.0,"jumpRatio":0.0,"groundJumpForce":9.131678581237793,"airJumpForce":2.21378231048584,"mass":1.2883857488632203,"drag":1.9090912342071534,"widthScalar":1.4493788480758668,"heightScalar":0.9554247856140137,"gravityScalar":0.668371319770813,"hitstunDamageScalar":0.28216201066970827,"spriteIndex":43}