{"moveDist":1.4258918762207032,"moveAngle":0.7630628943443298,"moveLocX":1.0305241346359254,"moveLocY":0.9854885339736939,"widthScalar":0.9711310863494873,"heightScalar":0.7827696800231934,"warmUpDuration":0.29012954235076907,"executionDuration":0.30781039595603945,"coolDownDuration":0.47305625677108767,"damageFactor":4.5140533447265629,"damageGiven":9.83453369140625,"knockbackScalar":13.27053165435791,"knockbackModX":0.905055046081543,"knockbackModY":-0.9300698041915894,"hitstunDuration":0.8227586150169373,"spriteIndex":200}