{"moveDist":0.9075459837913513,"moveAngle":4.952325820922852,"moveLocX":0.2156703919172287,"moveLocY":-0.8815475106239319,"widthScalar":1.1959186792373658,"heightScalar":0.6823118925094605,"warmUpDuration":0.2669747769832611,"executionDuration":0.191629096865654,"coolDownDuration":0.42015591263771059,"damageFactor":1.6756285429000855,"damageGiven":6.472475051879883,"knockbackScalar":3.849580764770508,"knockbackModX":0.06287238746881485,"knockbackModY":0.05876588821411133,"hitstunDuration":0.47665727138519289,"spriteIndex":234}