{"playerName":"Player 1","jumpKey":0,"leftKey":0,"rightKey":0,"attackKey":0,"stocks":3,"groundAccelerationFactor":0.8092185854911804,"groundAcceleration":7.868549823760986,"airAccelerationFactor":0.007132844999432564,"airAcceleration":0.018546277657151223,"maxGroundSpeed":9.723639488220215,"maxAirSpeed":2.600123405456543,"totalJumpForce":0.0,"jumpRatio":0.0,"groundJumpForce":5.997809410095215,"airJumpForce":13.274314880371094,"mass":0.7556535005569458,"drag":2.1700401306152345,"widthScalar":1.0850118398666382,"heightScalar":0.7871854305267334,"gravityScalar":1.1381893157958985,"hitstunDamageScalar":0.14986658096313477,"spriteIndex":57}