{"playerName":"Player 2","jumpKey":0,"leftKey":0,"rightKey":0,"attackKey":0,"stocks":3,"groundAccelerationFactor":0.12409203499555588,"groundAcceleration":0.8966649174690247,"airAccelerationFactor":0.6624607443809509,"airAcceleration":4.491896152496338,"maxGroundSpeed":7.225805759429932,"maxAirSpeed":6.780622482299805,"totalJumpForce":0.0,"jumpRatio":0.0,"groundJumpForce":4.767081260681152,"airJumpForce":7.73540735244751,"mass":0.9597818851470947,"drag":1.6160736083984376,"widthScalar":0.786530077457428,"heightScalar":1.4764339923858643,"gravityScalar":0.7133746147155762,"hitstunDamageScalar":0.15585410594940186,"spriteIndex":65}