{"gameID":1,"generationNum":2,"totalDamageP1":36.86442565917969,"totalRecoveryStateTransitionP1":765.0,"totalHitsReceivedP1":7.0,"remainingStocksP1":1.0,"totalDamageP2":80.68863677978516,"totalRecoveryStateTransitionP2":1469.0,"totalHitsReceivedP2":7.0,"remainingStocksP2":0.0,"totalGameLength":53.737060546875,"fitness":15.635824203491211,"loser":"Player 2","round":0}