{"gameID":1,"generationNum":2,"totalDamageP1":42.13077163696289,"totalRecoveryStateTransitionP1":578.0,"totalHitsReceivedP1":8.0,"remainingStocksP1":2.0,"totalDamageP2":80.68863677978516,"totalRecoveryStateTransitionP2":858.0,"totalHitsReceivedP2":7.0,"remainingStocksP2":0.0,"totalGameLength":48.82110595703125,"fitness":22.60504722595215,"loser":"Player 2","round":1}