{"moveDist":1.2371630668640137,"moveAngle":3.6182498931884767,"moveLocX":-1.099260926246643,"moveLocY":-0.5676247477531433,"widthScalar":1.1744532585144044,"heightScalar":0.6225565671920776,"warmUpDuration":0.3424611985683441,"executionDuration":0.229365736246109,"coolDownDuration":0.5071817636489868,"damageFactor":6.558279514312744,"damageGiven":12.076440811157227,"knockbackScalar":1.690992832183838,"knockbackModX":0.08496050536632538,"knockbackModY":0.36679697036743166,"hitstunDuration":0.8437564969062805,"spriteIndex":19}