{"playerName":"Player 2","jumpKey":0,"leftKey":0,"rightKey":0,"attackKey":0,"stocks":3,"groundAccelerationFactor":0.17289987206459046,"groundAcceleration":1.468430519104004,"airAccelerationFactor":0.29950252175331118,"airAcceleration":1.4158992767333985,"maxGroundSpeed":8.492953300476075,"maxAirSpeed":4.727503776550293,"totalJumpForce":0.0,"jumpRatio":0.0,"groundJumpForce":5.816976070404053,"airJumpForce":10.991714477539063,"mass":0.6978503465652466,"drag":4.155261039733887,"widthScalar":1.0211371183395386,"heightScalar":1.277665138244629,"gravityScalar":0.9012326002120972,"hitstunDamageScalar":0.2646050751209259,"spriteIndex":30}