{"gameID":2,"generationNum":2,"totalDamageP1":61.99161148071289,"totalRecoveryStateTransitionP1":757.0,"totalHitsReceivedP1":5.0,"remainingStocksP1":0.0,"totalDamageP2":60.429134368896487,"totalRecoveryStateTransitionP2":864.0,"totalHitsReceivedP2":8.0,"remainingStocksP2":1.0,"totalGameLength":35.66217041015625,"fitness":18.747997283935548,"loser":"Player 1","round":0}