{"gameID":8,"generationNum":1,"totalDamageP1":30.35016441345215,"totalRecoveryStateTransitionP1":975.0,"totalHitsReceivedP1":2.0,"remainingStocksP1":0.0,"totalDamageP2":13.865405082702637,"totalRecoveryStateTransitionP2":1236.0,"totalHitsReceivedP2":1.0,"remainingStocksP2":1.0,"totalGameLength":25.53704833984375,"fitness":-10.689870834350586,"loser":"Player 1","round":0}