{"moveDist":0.9178524017333984,"moveAngle":2.6534013748168947,"moveLocX":-0.8106313347816467,"moveLocY":0.4304995834827423,"widthScalar":0.9231312274932861,"heightScalar":1.4905180931091309,"warmUpDuration":0.5405516624450684,"executionDuration":0.20914137363433839,"coolDownDuration":0.5585993528366089,"damageFactor":6.776317596435547,"damageGiven":13.865405082702637,"knockbackScalar":5.102290153503418,"knockbackModX":0.019973130896687509,"knockbackModY":-0.0011313892900943757,"hitstunDuration":0.8740541338920593,"spriteIndex":180}