{"moveDist":1.0641789436340333,"moveAngle":3.777956485748291,"moveLocX":-0.8558786511421204,"moveLocY":-0.6324148774147034,"widthScalar":0.9339544773101807,"heightScalar":1.4595978260040284,"warmUpDuration":0.4470166862010956,"executionDuration":0.36281365156173708,"coolDownDuration":0.18290072679519654,"damageFactor":3.1575167179107668,"damageGiven":8.134565353393555,"knockbackScalar":14.661107063293457,"knockbackModX":-0.6086122393608093,"knockbackModY":0.5798155069351196,"hitstunDuration":0.8333457112312317,"spriteIndex":44}