{"moveDist":1.182991623878479,"moveAngle":1.8186368942260743,"moveLocX":-0.29020094871520998,"moveLocY":1.1468446254730225,"widthScalar":0.8051893711090088,"heightScalar":0.9033198952674866,"warmUpDuration":0.5793662071228027,"executionDuration":0.32195958495140078,"coolDownDuration":0.22592926025390626,"damageFactor":9.026424407958985,"damageGiven":15.175082206726075,"knockbackScalar":11.7747163772583,"knockbackModX":0.9484785199165344,"knockbackModY":0.39553606510162356,"hitstunDuration":0.8597795367240906,"spriteIndex":93}