{"moveDist":1.4848995208740235,"moveAngle":2.9509871006011965,"moveLocX":-1.4580074548721314,"moveLocY":0.28131943941116335,"widthScalar":0.8511567115783691,"heightScalar":0.8802000284194946,"warmUpDuration":0.2946547269821167,"executionDuration":0.3754030764102936,"coolDownDuration":0.38846907019615176,"damageFactor":8.54814338684082,"damageGiven":14.048439025878907,"knockbackScalar":13.648768424987793,"knockbackModX":0.39944344758987429,"knockbackModY":-0.19561177492141725,"hitstunDuration":0.41060179471969607,"spriteIndex":253}