{"playerName":"Player 1","jumpKey":0,"leftKey":0,"rightKey":0,"attackKey":0,"stocks":3,"groundAccelerationFactor":0.19573186337947846,"groundAcceleration":0.6591008901596069,"airAccelerationFactor":0.174242302775383,"airAcceleration":0.5406129956245422,"maxGroundSpeed":3.367366313934326,"maxAirSpeed":3.1026506423950197,"totalJumpForce":0.0,"jumpRatio":0.0,"groundJumpForce":7.834632396697998,"airJumpForce":5.459453105926514,"mass":1.449946403503418,"drag":1.0520738363265992,"widthScalar":1.0889873504638672,"heightScalar":0.6959441900253296,"gravityScalar":0.3582223057746887,"hitstunDamageScalar":0.19033055007457734,"spriteIndex":56}