{"playerName":"Player 1","jumpKey":0,"leftKey":0,"rightKey":0,"attackKey":0,"stocks":3,"groundAccelerationFactor":0.6982313394546509,"groundAcceleration":1.7432163953781129,"airAccelerationFactor":0.7202549576759338,"airAcceleration":1.850361943244934,"maxGroundSpeed":2.496617317199707,"maxAirSpeed":2.569037437438965,"totalJumpForce":0.0,"jumpRatio":0.0,"groundJumpForce":10.823589324951172,"airJumpForce":3.720716714859009,"mass":0.9334882497787476,"drag":1.2257345914840699,"widthScalar":1.0966745615005494,"heightScalar":1.2954912185668946,"gravityScalar":0.8645550608634949,"hitstunDamageScalar":0.2965978980064392,"spriteIndex":39}