{"playerName":"Player 2","jumpKey":0,"leftKey":0,"rightKey":0,"attackKey":0,"stocks":3,"groundAccelerationFactor":0.1568845510482788,"groundAcceleration":0.3961102068424225,"airAccelerationFactor":0.14368727803230287,"airAcceleration":1.0899218320846558,"maxGroundSpeed":2.5248515605926515,"maxAirSpeed":7.58537483215332,"totalJumpForce":0.0,"jumpRatio":0.0,"groundJumpForce":7.384266376495361,"airJumpForce":3.1058619022369386,"mass":2.115354299545288,"drag":5.660747528076172,"widthScalar":1.2598530054092408,"heightScalar":1.187004566192627,"gravityScalar":0.9551724791526794,"hitstunDamageScalar":0.11189575493335724,"spriteIndex":4}