{"playerName":"Player 2","jumpKey":0,"leftKey":0,"rightKey":0,"attackKey":0,"stocks":3,"groundAccelerationFactor":0.05273383855819702,"groundAcceleration":0.49506038427352908,"airAccelerationFactor":0.22224411368370057,"airAcceleration":0.4807356595993042,"maxGroundSpeed":9.387907028198243,"maxAirSpeed":2.163097381591797,"totalJumpForce":0.0,"jumpRatio":0.0,"groundJumpForce":10.51037883758545,"airJumpForce":13.613188743591309,"mass":1.879779577255249,"drag":3.1002063751220705,"widthScalar":1.3908443450927735,"heightScalar":1.25923490524292,"gravityScalar":0.8342819213867188,"hitstunDamageScalar":0.20192399621009828,"spriteIndex":67}