{"moveDist":1.1175642013549805,"moveAngle":4.704416751861572,"moveLocX":-0.008909383788704872,"moveLocY":-1.1175286769866944,"widthScalar":0.951240599155426,"heightScalar":1.4595978260040284,"warmUpDuration":0.352810800075531,"executionDuration":0.2552744746208191,"coolDownDuration":0.37833356857299807,"damageFactor":6.52902364730835,"damageGiven":11.440351486206055,"knockbackScalar":13.1367826461792,"knockbackModX":0.37059202790260317,"knockbackModY":0.410646915435791,"hitstunDuration":0.07134488970041275,"spriteIndex":97}