{"moveDist":1.137588620185852,"moveAngle":5.710154056549072,"moveLocX":0.9558717608451843,"moveLocY":-0.6167795658111572,"widthScalar":1.017334222793579,"heightScalar":0.5016855001449585,"warmUpDuration":0.5980526804924011,"executionDuration":0.257695734500885,"coolDownDuration":0.11181306838989258,"damageFactor":8.602034568786621,"damageGiven":13.322997093200684,"knockbackScalar":1.7546941041946412,"knockbackModX":-0.3598088324069977,"knockbackModY":0.517662525177002,"hitstunDuration":0.5351691842079163,"spriteIndex":177}