{"playerName":"Player 2","jumpKey":0,"leftKey":0,"rightKey":0,"attackKey":0,"stocks":3,"groundAccelerationFactor":0.9514544010162354,"groundAcceleration":2.092153310775757,"airAccelerationFactor":0.2867189347743988,"airAcceleration":2.699153423309326,"maxGroundSpeed":2.1989002227783205,"maxAirSpeed":9.413934707641602,"totalJumpForce":0.0,"jumpRatio":0.0,"groundJumpForce":12.91616439819336,"airJumpForce":2.21378231048584,"mass":1.2883857488632203,"drag":2.0476996898651125,"widthScalar":1.4493788480758668,"heightScalar":0.9554247856140137,"gravityScalar":1.2230753898620606,"hitstunDamageScalar":0.13493163883686067,"spriteIndex":9}