{"playerName":"Player 1","jumpKey":0,"leftKey":0,"rightKey":0,"attackKey":0,"stocks":3,"groundAccelerationFactor":0.7693330645561218,"groundAcceleration":3.1324069499969484,"airAccelerationFactor":0.6682240962982178,"airAcceleration":5.116824626922607,"maxGroundSpeed":4.071587562561035,"maxAirSpeed":7.657348155975342,"totalJumpForce":0.0,"jumpRatio":0.0,"groundJumpForce":9.578800201416016,"airJumpForce":7.135636329650879,"mass":0.5459638237953186,"drag":5.103678226470947,"widthScalar":0.9176663160324097,"heightScalar":0.8327836990356445,"gravityScalar":1.1842262744903565,"hitstunDamageScalar":0.27043983340263369,"spriteIndex":23}