{"moveDist":1.2842555046081544,"moveAngle":0.18561141192913056,"moveLocX":1.262196660041809,"moveLocY":0.23700612783432008,"widthScalar":0.7052381038665772,"heightScalar":1.1527782678604127,"warmUpDuration":0.571835458278656,"executionDuration":0.3080505430698395,"coolDownDuration":0.5488772988319397,"damageFactor":8.225878715515137,"damageGiven":16.75283432006836,"knockbackScalar":12.56849193572998,"knockbackModX":0.6086122393608093,"knockbackModY":-0.929521918296814,"hitstunDuration":0.39698708057403567,"spriteIndex":77}