{"moveDist":1.23503839969635,"moveAngle":0.22327564656734467,"moveLocX":1.2043814659118653,"moveLocY":0.273468554019928,"widthScalar":0.7928898334503174,"heightScalar":1.21207857131958,"warmUpDuration":0.3210957646369934,"executionDuration":0.3318415880203247,"coolDownDuration":0.49590930342674258,"damageFactor":1.3682769536972047,"damageGiven":6.5719404220581059,"knockbackScalar":13.355356216430664,"knockbackModX":0.9412938356399536,"knockbackModY":-0.7904834747314453,"hitstunDuration":0.21006512641906739,"spriteIndex":156}