{"playerName":"Player 2","jumpKey":0,"leftKey":0,"rightKey":0,"attackKey":0,"stocks":3,"groundAccelerationFactor":0.32600048184394839,"groundAcceleration":2.600878953933716,"airAccelerationFactor":0.0654791072010994,"airAcceleration":0.24661312997341157,"maxGroundSpeed":7.97814416885376,"maxAirSpeed":3.766287326812744,"totalJumpForce":0.0,"jumpRatio":0.0,"groundJumpForce":5.539237022399902,"airJumpForce":9.456182479858399,"mass":1.5363677740097047,"drag":2.0359277725219728,"widthScalar":1.4493788480758668,"heightScalar":1.3691508769989014,"gravityScalar":1.2230753898620606,"hitstunDamageScalar":0.26819348335266116,"spriteIndex":50}