{"playerName":"Player 1","jumpKey":0,"leftKey":0,"rightKey":0,"attackKey":0,"stocks":3,"groundAccelerationFactor":0.49438291788101199,"groundAcceleration":1.4198676347732545,"airAccelerationFactor":0.06550370156764984,"airAcceleration":0.28164172172546389,"maxGroundSpeed":2.871999740600586,"maxAirSpeed":4.299630641937256,"totalJumpForce":0.0,"jumpRatio":0.0,"groundJumpForce":9.514639854431153,"airJumpForce":10.997387886047364,"mass":1.084235429763794,"drag":3.552335500717163,"widthScalar":1.2049232721328736,"heightScalar":1.0548317432403565,"gravityScalar":0.6383166313171387,"hitstunDamageScalar":0.17509114742279054,"spriteIndex":46}