{"gameID":13,"generationNum":1,"totalDamageP1":16.01089859008789,"totalRecoveryStateTransitionP1":94.0,"totalHitsReceivedP1":1.0,"remainingStocksP1":1.0,"totalDamageP2":15.235264778137207,"totalRecoveryStateTransitionP2":42.0,"totalHitsReceivedP2":1.0,"remainingStocksP2":0.0,"totalGameLength":27.030303955078126,"fitness":-9.922642707824707,"loser":"Player 2","round":0}