{"moveDist":1.0803723335266114,"moveAngle":3.319847583770752,"moveLocX":-1.063253402709961,"moveLocY":-0.1915634274482727,"widthScalar":1.3823281526565552,"heightScalar":1.4595978260040284,"warmUpDuration":0.3126603066921234,"executionDuration":0.3960142135620117,"coolDownDuration":0.4985712170600891,"damageFactor":8.478195190429688,"damageGiven":15.235264778137207,"knockbackScalar":13.1367826461792,"knockbackModX":-0.0040624309331178669,"knockbackModY":-0.7733694314956665,"hitstunDuration":0.8492761254310608,"spriteIndex":35}