{"playerName":"Player 1","jumpKey":0,"leftKey":0,"rightKey":0,"attackKey":0,"stocks":3,"groundAccelerationFactor":0.7700114250183106,"groundAcceleration":4.085533618927002,"airAccelerationFactor":0.33791103959083559,"airAcceleration":2.804044485092163,"maxGroundSpeed":5.305809020996094,"maxAirSpeed":8.298173904418946,"totalJumpForce":0.0,"jumpRatio":0.0,"groundJumpForce":5.53737211227417,"airJumpForce":7.271787643432617,"mass":1.5691877603530884,"drag":4.561983108520508,"widthScalar":0.7625024318695068,"heightScalar":0.8327836990356445,"gravityScalar":0.6937534809112549,"hitstunDamageScalar":0.23360446095466615,"spriteIndex":66}