{"moveDist":1.1205782890319825,"moveAngle":4.704416751861572,"moveLocX":-0.008933411911129952,"moveLocY":-1.1205426454544068,"widthScalar":1.3269857168197632,"heightScalar":0.7727125883102417,"warmUpDuration":0.19059407711029054,"executionDuration":0.2538072168827057,"coolDownDuration":0.4188659191131592,"damageFactor":6.799070358276367,"damageGiven":10.869414329528809,"knockbackScalar":10.317638397216797,"knockbackModX":-0.11125731468200684,"knockbackModY":-0.22943049669265748,"hitstunDuration":0.20851819217205048,"spriteIndex":104}