{"moveDist":0.8470399975776672,"moveAngle":5.330261707305908,"moveLocX":0.4906923770904541,"moveLocY":-0.6904330253601074,"widthScalar":0.8195177316665649,"heightScalar":1.166123867034912,"warmUpDuration":0.2976662516593933,"executionDuration":0.287055104970932,"coolDownDuration":0.3125306963920593,"damageFactor":3.2959842681884767,"damageGiven":7.957328796386719,"knockbackScalar":8.90591812133789,"knockbackModX":0.0436813049018383,"knockbackModY":0.21294116973876954,"hitstunDuration":0.02145630493760109,"spriteIndex":138}