{"playerName":"Player 1","jumpKey":0,"leftKey":0,"rightKey":0,"attackKey":0,"stocks":3,"groundAccelerationFactor":0.9891961812973023,"groundAcceleration":8.26677131652832,"airAccelerationFactor":0.6682240962982178,"airAcceleration":5.116824626922607,"maxGroundSpeed":8.357059478759766,"maxAirSpeed":7.657348155975342,"totalJumpForce":0.0,"jumpRatio":0.0,"groundJumpForce":6.665653705596924,"airJumpForce":10.694555282592774,"mass":1.1170916557312012,"drag":2.110934019088745,"widthScalar":0.9370086193084717,"heightScalar":0.7481666803359985,"gravityScalar":0.3731939494609833,"hitstunDamageScalar":0.16397526860237122,"spriteIndex":77}