{"playerName":"Player 2","jumpKey":0,"leftKey":0,"rightKey":0,"attackKey":0,"stocks":3,"groundAccelerationFactor":0.7078688740730286,"groundAcceleration":2.7020654678344728,"airAccelerationFactor":0.6409704685211182,"airAcceleration":2.5483601093292238,"maxGroundSpeed":3.81718373298645,"maxAirSpeed":3.9757838249206545,"totalJumpForce":0.0,"jumpRatio":0.0,"groundJumpForce":12.120291709899903,"airJumpForce":5.770749568939209,"mass":2.492204189300537,"drag":3.2066733837127687,"widthScalar":1.2480072975158692,"heightScalar":1.3320568799972535,"gravityScalar":1.0679415464401246,"hitstunDamageScalar":0.1286076009273529,"spriteIndex":84}