{"playerName":"Player 2","jumpKey":0,"leftKey":0,"rightKey":0,"attackKey":0,"stocks":3,"groundAccelerationFactor":0.09240346401929856,"groundAcceleration":0.4319998621940613,"airAccelerationFactor":0.24288974702358247,"airAcceleration":1.3876715898513795,"maxGroundSpeed":4.675148010253906,"maxAirSpeed":5.713174819946289,"totalJumpForce":11.396637916564942,"jumpRatio":0.7135014533996582,"groundJumpForce":8.13151741027832,"airJumpForce":3.265120267868042,"mass":1.9707883596420289,"drag":5.803175449371338,"widthScalar":1.1978596448898316,"heightScalar":0.8664952516555786,"gravityScalar":1.2039918899536133,"hitstunDamageScalar":0.18621277809143067,"spriteIndex":83}