{"playerName":"Player 2","jumpKey":0,"leftKey":0,"rightKey":0,"attackKey":0,"stocks":3,"groundAccelerationFactor":0.5237016677856445,"groundAcceleration":3.6776063442230226,"airAccelerationFactor":0.05332241952419281,"airAcceleration":0.30756813287734988,"maxGroundSpeed":7.0223307609558109,"maxAirSpeed":5.768083095550537,"totalJumpForce":0.0,"jumpRatio":0.0,"groundJumpForce":9.565729141235352,"airJumpForce":5.3423686027526859,"mass":2.0693552494049074,"drag":1.774808406829834,"widthScalar":0.9534218311309815,"heightScalar":0.8993891477584839,"gravityScalar":0.791223406791687,"hitstunDamageScalar":0.15830369293689729,"spriteIndex":38}