{"moveDist":0.9428166747093201,"moveAngle":4.594963073730469,"moveLocX":-0.11045684665441513,"moveLocY":-0.9363240003585815,"widthScalar":1.031009554862976,"heightScalar":1.1692273616790772,"warmUpDuration":0.19059407711029054,"executionDuration":0.39043256640434267,"coolDownDuration":0.4188659191131592,"damageFactor":6.799070358276367,"damageGiven":11.79833984375,"knockbackScalar":9.438420295715332,"knockbackModX":-0.11125731468200684,"knockbackModY":-0.646952748298645,"hitstunDuration":0.39698708057403567,"spriteIndex":107}