{"moveDist":0.8183094263076782,"moveAngle":6.145364284515381,"moveLocX":0.8105499744415283,"moveLocY":-0.11242354661226273,"widthScalar":0.8080583214759827,"heightScalar":0.888707160949707,"warmUpDuration":0.45273059606552126,"executionDuration":0.20615242421627046,"coolDownDuration":0.10341251641511917,"damageFactor":6.6534423828125,"damageGiven":10.071889877319336,"knockbackScalar":11.197956085205079,"knockbackModX":-0.8220238089561462,"knockbackModY":-0.6777273416519165,"hitstunDuration":0.14639268815517426,"spriteIndex":141}