{"playerName":"Player 1","jumpKey":0,"leftKey":0,"rightKey":0,"attackKey":0,"stocks":3,"groundAccelerationFactor":0.46830660104751589,"groundAcceleration":2.1949925422668459,"airAccelerationFactor":0.6325770020484924,"airAcceleration":2.797668695449829,"maxGroundSpeed":4.687084197998047,"maxAirSpeed":4.4226531982421879,"totalJumpForce":0.0,"jumpRatio":0.0,"groundJumpForce":4.983699321746826,"airJumpForce":2.1159281730651857,"mass":1.8578057289123536,"drag":5.432379722595215,"widthScalar":1.414339303970337,"heightScalar":1.2279462814331055,"gravityScalar":0.8400048017501831,"hitstunDamageScalar":0.17509114742279054,"spriteIndex":66}