{"playerName":"Player 2","jumpKey":0,"leftKey":0,"rightKey":0,"attackKey":0,"stocks":3,"groundAccelerationFactor":0.35080385208129885,"groundAcceleration":1.3492521047592164,"airAccelerationFactor":0.6535800099372864,"airAcceleration":4.377546787261963,"maxGroundSpeed":3.846172571182251,"maxAirSpeed":6.697797775268555,"totalJumpForce":0.0,"jumpRatio":0.0,"groundJumpForce":11.576165199279786,"airJumpForce":2.690415859222412,"mass":1.643310308456421,"drag":1.3124253749847413,"widthScalar":0.803288996219635,"heightScalar":1.4806264638900757,"gravityScalar":1.1694031953811646,"hitstunDamageScalar":0.26819348335266116,"spriteIndex":41}