{"moveDist":1.3918168544769288,"moveAngle":5.199559688568115,"moveLocX":0.651547908782959,"moveLocY":-1.2298940420150757,"widthScalar":1.020488977432251,"heightScalar":1.4968645572662354,"warmUpDuration":0.46580642461776736,"executionDuration":0.17596688866615296,"coolDownDuration":0.3469977080821991,"damageFactor":6.905014991760254,"damageGiven":11.827478408813477,"knockbackScalar":13.472847938537598,"knockbackModX":-0.07483476400375366,"knockbackModY":-0.2121174931526184,"hitstunDuration":0.39698708057403567,"spriteIndex":72}