{"moveDist":1.1202831268310547,"moveAngle":5.330261707305908,"moveLocX":0.64898282289505,"moveLocY":-0.9131569266319275,"widthScalar":0.8195177316665649,"heightScalar":0.5016855001449585,"warmUpDuration":0.2976662516593933,"executionDuration":0.287055104970932,"coolDownDuration":0.3125306963920593,"damageFactor":3.2959842681884767,"damageGiven":7.957328796386719,"knockbackScalar":5.569718837738037,"knockbackModX":0.6114939451217651,"knockbackModY":0.21294116973876954,"hitstunDuration":0.14639268815517426,"spriteIndex":79}