{"playerName":"Player 2","jumpKey":0,"leftKey":0,"rightKey":0,"attackKey":0,"stocks":3,"groundAccelerationFactor":0.15918521583080293,"groundAcceleration":1.1238071918487549,"airAccelerationFactor":0.6909481883049011,"airAcceleration":4.869174957275391,"maxGroundSpeed":7.059746265411377,"maxAirSpeed":7.047091484069824,"totalJumpForce":0.0,"jumpRatio":0.0,"groundJumpForce":10.337353706359864,"airJumpForce":5.798753261566162,"mass":2.492204189300537,"drag":2.7056751251220705,"widthScalar":1.2872750759124756,"heightScalar":1.0565719604492188,"gravityScalar":1.2421188354492188,"hitstunDamageScalar":0.26819348335266116,"spriteIndex":3}