{"playerName":"Player 1","jumpKey":0,"leftKey":0,"rightKey":0,"attackKey":0,"stocks":3,"groundAccelerationFactor":0.10000143200159073,"groundAcceleration":0.8264091610908508,"airAccelerationFactor":0.2764304280281067,"airAcceleration":2.164020538330078,"maxGroundSpeed":8.263973236083985,"maxAirSpeed":7.828445911407471,"totalJumpForce":0.0,"jumpRatio":0.0,"groundJumpForce":12.161815643310547,"airJumpForce":10.460817337036133,"mass":2.0746915340423586,"drag":5.569530963897705,"widthScalar":1.402285099029541,"heightScalar":1.2279462814331055,"gravityScalar":0.6383166313171387,"hitstunDamageScalar":0.24235397577285767,"spriteIndex":64}