{"moveDist":1.016872525215149,"moveAngle":5.046623229980469,"moveLocX":0.333580881357193,"moveLocY":-0.9606006145477295,"widthScalar":0.9188071489334106,"heightScalar":0.5840824842453003,"warmUpDuration":0.10166268795728684,"executionDuration":0.23243960738182069,"coolDownDuration":0.5446234345436096,"damageFactor":6.9316511154174809,"damageGiven":11.091020584106446,"knockbackScalar":7.970019817352295,"knockbackModX":0.5823510885238648,"knockbackModY":0.9268244504928589,"hitstunDuration":0.7730739712715149,"spriteIndex":77}