{"moveDist":1.3144679069519044,"moveAngle":3.027536392211914,"moveLocX":-1.3059272766113282,"moveLocY":0.14959844946861268,"widthScalar":0.6365530490875244,"heightScalar":1.132981300354004,"warmUpDuration":0.4830256998538971,"executionDuration":0.38919001817703249,"coolDownDuration":0.5231220126152039,"damageFactor":9.390983581542969,"damageGiven":18.103593826293947,"knockbackScalar":6.477099895477295,"knockbackModX":-0.41741999983787539,"knockbackModY":-0.688683032989502,"hitstunDuration":0.24747365713119508,"spriteIndex":122}