{"playerName":"Player 1","jumpKey":0,"leftKey":0,"rightKey":0,"attackKey":0,"stocks":3,"groundAccelerationFactor":0.5572095513343811,"groundAcceleration":4.471271514892578,"airAccelerationFactor":0.0623314268887043,"airAcceleration":0.25074559450149538,"maxGroundSpeed":8.024398803710938,"maxAirSpeed":4.02277946472168,"totalJumpForce":0.0,"jumpRatio":0.0,"groundJumpForce":1.9354939460754395,"airJumpForce":11.552043914794922,"mass":1.7516180276870728,"drag":4.850626468658447,"widthScalar":1.2660374641418458,"heightScalar":1.2118494510650635,"gravityScalar":0.684363842010498,"hitstunDamageScalar":0.14812973141670228,"spriteIndex":18}