{"playerName":"Player 2","jumpKey":0,"leftKey":0,"rightKey":0,"attackKey":0,"stocks":3,"groundAccelerationFactor":0.24208968877792359,"groundAcceleration":1.2073817253112794,"airAccelerationFactor":0.05332241952419281,"airAcceleration":0.4175754487514496,"maxGroundSpeed":4.987332344055176,"maxAirSpeed":7.831142425537109,"totalJumpForce":0.0,"jumpRatio":0.0,"groundJumpForce":10.45351505279541,"airJumpForce":5.3423686027526859,"mass":1.1892032623291016,"drag":1.774808406829834,"widthScalar":0.9347898960113525,"heightScalar":1.157391905784607,"gravityScalar":0.791223406791687,"hitstunDamageScalar":0.15830369293689729,"spriteIndex":31}