{"moveDist":0.9865648746490479,"moveAngle":4.536288738250732,"moveLocX":-0.1728377640247345,"moveLocY":-0.9713070392608643,"widthScalar":1.1403547525405884,"heightScalar":0.7344789505004883,"warmUpDuration":0.4555744528770447,"executionDuration":0.12417764216661453,"coolDownDuration":0.47970789670944216,"damageFactor":2.5381617546081545,"damageGiven":7.689080715179443,"knockbackScalar":13.355356216430664,"knockbackModX":0.45361942052841189,"knockbackModY":-0.9379761219024658,"hitstunDuration":0.21006512641906739,"spriteIndex":97}