{"playerName":"Player 1","jumpKey":0,"leftKey":0,"rightKey":0,"attackKey":0,"stocks":3,"groundAccelerationFactor":0.8252764344215393,"groundAcceleration":3.360185384750366,"airAccelerationFactor":0.6682240962982178,"airAcceleration":5.116824626922607,"maxGroundSpeed":4.071587562561035,"maxAirSpeed":7.657348155975342,"totalJumpForce":0.0,"jumpRatio":0.0,"groundJumpForce":13.077378273010254,"airJumpForce":8.48160171508789,"mass":1.084235429763794,"drag":1.6500663757324219,"widthScalar":0.9944977760314941,"heightScalar":1.0548317432403565,"gravityScalar":0.6383166313171387,"hitstunDamageScalar":0.17509114742279054,"spriteIndex":8}