{"playerName":"Player 2","jumpKey":0,"leftKey":0,"rightKey":0,"attackKey":0,"stocks":3,"groundAccelerationFactor":0.9514544010162354,"groundAcceleration":9.408146858215332,"airAccelerationFactor":0.2867189347743988,"airAcceleration":0.6202009916305542,"maxGroundSpeed":9.888174057006836,"maxAirSpeed":2.163097381591797,"totalJumpForce":0.0,"jumpRatio":0.0,"groundJumpForce":3.523104429244995,"airJumpForce":9.456182479858399,"mass":1.5363677740097047,"drag":2.0359277725219728,"widthScalar":0.7664324045181274,"heightScalar":1.3691508769989014,"gravityScalar":1.2230753898620606,"hitstunDamageScalar":0.28216201066970827,"spriteIndex":15}