{"moveDist":1.1175642013549805,"moveAngle":3.534231185913086,"moveLocX":-1.0325205326080323,"moveLocY":-0.4276107847690582,"widthScalar":1.3823281526565552,"heightScalar":0.6403019428253174,"warmUpDuration":0.34840261936187746,"executionDuration":0.22374004125595094,"coolDownDuration":0.5488772988319397,"damageFactor":1.4480493068695069,"damageGiven":6.623291969299316,"knockbackScalar":12.56849193572998,"knockbackModX":0.5348159670829773,"knockbackModY":0.4788402318954468,"hitstunDuration":0.4382508397102356,"spriteIndex":124}