{"moveDist":0.9107027649879456,"moveAngle":5.211283206939697,"moveLocX":0.43573012948036196,"moveLocY":-0.7996991276741028,"widthScalar":1.1080098152160645,"heightScalar":0.9066334962844849,"warmUpDuration":0.5799515843391419,"executionDuration":0.19247183203697205,"coolDownDuration":0.26683875918388369,"damageFactor":5.694964408874512,"damageGiven":10.918560981750489,"knockbackScalar":6.1598124504089359,"knockbackModX":-0.7625434994697571,"knockbackModY":-0.14684855937957765,"hitstunDuration":0.8352484107017517,"spriteIndex":5}