{"playerName":"Player 2","jumpKey":0,"leftKey":0,"rightKey":0,"attackKey":0,"stocks":3,"groundAccelerationFactor":0.9336239099502564,"groundAcceleration":2.46293568611145,"airAccelerationFactor":0.06211209297180176,"airAcceleration":0.24052341282367707,"maxGroundSpeed":2.638038396835327,"maxAirSpeed":3.872408866882324,"totalJumpForce":0.0,"jumpRatio":0.0,"groundJumpForce":10.724066734313965,"airJumpForce":10.376185417175293,"mass":2.4689340591430666,"drag":5.463452339172363,"widthScalar":1.0154980421066285,"heightScalar":0.7425765991210938,"gravityScalar":1.064551591873169,"hitstunDamageScalar":0.13907702267169953,"spriteIndex":86}