{"playerName":"Player 1","jumpKey":0,"leftKey":0,"rightKey":0,"attackKey":0,"stocks":3,"groundAccelerationFactor":0.0631028488278389,"groundAcceleration":0.5273542404174805,"airAccelerationFactor":0.33791103959083559,"airAcceleration":2.804044485092163,"maxGroundSpeed":8.357059478759766,"maxAirSpeed":8.298173904418946,"totalJumpForce":0.0,"jumpRatio":0.0,"groundJumpForce":9.195137977600098,"airJumpForce":3.2735962867736818,"mass":1.0261058807373047,"drag":1.2257345914840699,"widthScalar":1.4397528171539307,"heightScalar":1.0728769302368165,"gravityScalar":0.36782920360565188,"hitstunDamageScalar":0.13016346096992494,"spriteIndex":22}