{"moveDist":0.8433921933174133,"moveAngle":3.319847583770752,"moveLocX":-0.8300283551216126,"moveLocY":-0.1495439112186432,"widthScalar":0.8534849882125855,"heightScalar":1.4595978260040284,"warmUpDuration":0.4470166862010956,"executionDuration":0.34347906708717348,"coolDownDuration":0.453939288854599,"damageFactor":3.5579516887664797,"damageGiven":9.427639961242676,"knockbackScalar":14.378369331359864,"knockbackModX":0.14644362032413484,"knockbackModY":0.37995290756225588,"hitstunDuration":0.18928979337215424,"spriteIndex":29}