{"moveDist":1.1314811706542969,"moveAngle":5.94120454788208,"moveLocX":1.0659595727920533,"moveLocY":-0.37944653630256655,"widthScalar":1.4443007707595826,"heightScalar":1.3330903053283692,"warmUpDuration":0.27597105503082278,"executionDuration":0.3872673511505127,"coolDownDuration":0.21185235679149629,"damageFactor":6.144795894622803,"damageGiven":10.377254486083985,"knockbackScalar":15.460246086120606,"knockbackModX":0.065485879778862,"knockbackModY":-0.8114900588989258,"hitstunDuration":0.48051008582115176,"spriteIndex":86}