{"playerName":"Player 2","jumpKey":0,"leftKey":0,"rightKey":0,"attackKey":0,"stocks":3,"groundAccelerationFactor":0.2719981372356415,"groundAcceleration":0.583568811416626,"airAccelerationFactor":0.5716482400894165,"airAcceleration":2.618220329284668,"maxGroundSpeed":2.1454882621765138,"maxAirSpeed":4.580124855041504,"totalJumpForce":0.0,"jumpRatio":0.0,"groundJumpForce":7.611307621002197,"airJumpForce":9.400901794433594,"mass":0.5211779475212097,"drag":1.9451255798339844,"widthScalar":1.313710331916809,"heightScalar":1.4389870166778565,"gravityScalar":0.6155543923377991,"hitstunDamageScalar":0.23880866169929505,"spriteIndex":47}