{"playerName":"Player 1","jumpKey":0,"leftKey":0,"rightKey":0,"attackKey":0,"stocks":3,"groundAccelerationFactor":0.0631028488278389,"groundAcceleration":0.25057873129844668,"airAccelerationFactor":0.6682240962982178,"airAcceleration":4.099607467651367,"maxGroundSpeed":3.9709572792053224,"maxAirSpeed":6.135078430175781,"totalJumpForce":0.0,"jumpRatio":0.0,"groundJumpForce":6.064359664916992,"airJumpForce":6.398930072784424,"mass":1.3602068424224854,"drag":5.103678226470947,"widthScalar":0.9176663160324097,"heightScalar":1.4980803728103638,"gravityScalar":0.4521937370300293,"hitstunDamageScalar":0.2997515797615051,"spriteIndex":29}