{"moveDist":1.014188289642334,"moveAngle":0.8106644153594971,"moveLocX":0.6987930536270142,"moveLocY":0.7350280284881592,"widthScalar":0.9165747165679932,"heightScalar":1.3611626625061036,"warmUpDuration":0.19192424416542054,"executionDuration":0.39043256640434267,"coolDownDuration":0.5783998966217041,"damageFactor":1.8683817386627198,"damageGiven":7.168736457824707,"knockbackScalar":10.317638397216797,"knockbackModX":-0.11125731468200684,"knockbackModY":0.3539468050003052,"hitstunDuration":0.07134488970041275,"spriteIndex":97}