{"moveDist":1.02909255027771,"moveAngle":0.5306239724159241,"moveLocX":0.8875835537910461,"moveLocY":0.5207945704460144,"widthScalar":1.416832447052002,"heightScalar":0.9859115481376648,"warmUpDuration":0.5496366024017334,"executionDuration":0.3754030764102936,"coolDownDuration":0.4357128441333771,"damageFactor":6.154709339141846,"damageGiven":13.375036239624024,"knockbackScalar":7.628924369812012,"knockbackModX":-0.3598088324069977,"knockbackModY":0.517662525177002,"hitstunDuration":0.5351691842079163,"spriteIndex":201}