{"playerName":"Player 1","jumpKey":0,"leftKey":0,"rightKey":0,"attackKey":0,"stocks":3,"groundAccelerationFactor":0.7840372323989868,"groundAcceleration":1.957440972328186,"airAccelerationFactor":0.46500423550605776,"airAcceleration":4.197699069976807,"maxGroundSpeed":2.496617317199707,"maxAirSpeed":9.027227401733399,"totalJumpForce":0.0,"jumpRatio":0.0,"groundJumpForce":2.065365791320801,"airJumpForce":3.144455909729004,"mass":1.5698281526565552,"drag":5.103678226470947,"widthScalar":0.7967730164527893,"heightScalar":0.8327836990356445,"gravityScalar":1.1842262744903565,"hitstunDamageScalar":0.27043983340263369,"spriteIndex":83}