{"playerName":"Player 2","jumpKey":0,"leftKey":0,"rightKey":0,"attackKey":0,"stocks":3,"groundAccelerationFactor":0.6212652325630188,"groundAcceleration":5.832380294799805,"airAccelerationFactor":0.47831711173057558,"airAcceleration":1.0346465110778809,"maxGroundSpeed":9.387907028198243,"maxAirSpeed":2.163097381591797,"totalJumpForce":0.0,"jumpRatio":0.0,"groundJumpForce":4.896487712860107,"airJumpForce":13.613188743591309,"mass":1.9300296306610108,"drag":3.764143466949463,"widthScalar":1.4493788480758668,"heightScalar":0.6523306369781494,"gravityScalar":1.2230753898620606,"hitstunDamageScalar":0.13493163883686067,"spriteIndex":38}