{"moveDist":1.1175642013549805,"moveAngle":3.319847583770752,"moveLocX":-1.0998560190200806,"moveLocY":-0.19815801084041596,"widthScalar":0.8534849882125855,"heightScalar":1.4595978260040284,"warmUpDuration":0.4470166862010956,"executionDuration":0.36281365156173708,"coolDownDuration":0.13633833825588227,"damageFactor":5.084858417510986,"damageGiven":9.81113338470459,"knockbackScalar":11.305392265319825,"knockbackModX":0.4463006258010864,"knockbackModY":-0.5886845588684082,"hitstunDuration":0.9726960062980652,"spriteIndex":169}