{"moveDist":1.1314811706542969,"moveAngle":4.352458953857422,"moveLocX":-0.39851754903793337,"moveLocY":-1.058977484703064,"widthScalar":1.416832447052002,"heightScalar":0.9765524864196777,"warmUpDuration":0.5496366024017334,"executionDuration":0.16930869221687318,"coolDownDuration":0.1419680118560791,"damageFactor":1.685677170753479,"damageGiven":6.451221942901611,"knockbackScalar":9.70960807800293,"knockbackModX":0.6423216462135315,"knockbackModY":-0.6224450469017029,"hitstunDuration":0.6167569160461426,"spriteIndex":124}