{"playerName":"Player 2","jumpKey":0,"leftKey":0,"rightKey":0,"attackKey":0,"stocks":3,"groundAccelerationFactor":0.2719981372356415,"groundAcceleration":2.239671468734741,"airAccelerationFactor":0.6905587315559387,"airAcceleration":3.1628451347351076,"maxGroundSpeed":8.234142303466797,"maxAirSpeed":4.580124855041504,"totalJumpForce":0.0,"jumpRatio":0.0,"groundJumpForce":8.425140380859375,"airJumpForce":1.6903278827667237,"mass":2.3837199211120607,"drag":2.073213577270508,"widthScalar":1.4249920845031739,"heightScalar":0.7180697917938232,"gravityScalar":0.38511353731155398,"hitstunDamageScalar":0.12969659268856049,"spriteIndex":51}