{"moveDist":1.4742662906646729,"moveAngle":0.43932536244392397,"moveLocX":1.3342682123184205,"moveLocY":0.6270481944084168,"widthScalar":0.5779434442520142,"heightScalar":1.353877305984497,"warmUpDuration":0.19598104059696198,"executionDuration":0.3006313443183899,"coolDownDuration":0.5570513010025024,"damageFactor":0.8437048196792603,"damageGiven":5.888981342315674,"knockbackScalar":1.4117932319641114,"knockbackModX":0.010281668975949288,"knockbackModY":-0.641864538192749,"hitstunDuration":0.6932671666145325,"spriteIndex":11}