{"moveDist":1.2470009326934815,"moveAngle":2.406925916671753,"moveLocX":-0.9253422617912293,"moveLocY":0.8359144330024719,"widthScalar":1.0137604475021363,"heightScalar":1.0195797681808472,"warmUpDuration":0.5573065280914307,"executionDuration":0.3542204797267914,"coolDownDuration":0.10439413040876389,"damageFactor":0.11281284689903259,"damageGiven":5.1146087646484379,"knockbackScalar":9.293635368347168,"knockbackModX":0.9440973401069641,"knockbackModY":0.5416913032531738,"hitstunDuration":0.8793531656265259,"spriteIndex":70}