{"moveDist":1.4412394762039185,"moveAngle":0.049044422805309299,"moveLocX":1.4395064115524293,"moveLocY":0.0706564262509346,"widthScalar":1.319149374961853,"heightScalar":0.7888813614845276,"warmUpDuration":0.362134724855423,"executionDuration":0.32097896933555605,"coolDownDuration":0.4584391415119171,"damageFactor":2.8399384021759035,"damageGiven":8.241939544677735,"knockbackScalar":6.162217140197754,"knockbackModX":0.05327685549855232,"knockbackModY":-0.4076516032218933,"hitstunDuration":0.9214619994163513,"spriteIndex":135}