{"playerName":"Player 2","jumpKey":0,"leftKey":0,"rightKey":0,"attackKey":0,"stocks":3,"groundAccelerationFactor":0.37062129378318789,"groundAcceleration":3.410417318344116,"airAccelerationFactor":0.13588203489780427,"airAcceleration":0.813739538192749,"maxGroundSpeed":9.201892852783204,"maxAirSpeed":5.9885735511779789,"totalJumpForce":13.103048324584961,"jumpRatio":0.3667924702167511,"groundJumpForce":4.8060994148254398,"airJumpForce":8.296948432922364,"mass":1.7753336429595948,"drag":1.3757976293563843,"widthScalar":1.4508931636810303,"heightScalar":1.4991204738616944,"gravityScalar":0.6226010918617249,"hitstunDamageScalar":0.23108240962028504,"spriteIndex":74}