{"playerName":"Player 1","jumpKey":0,"leftKey":0,"rightKey":0,"attackKey":0,"stocks":3,"groundAccelerationFactor":0.8269091248512268,"groundAcceleration":7.09351110458374,"airAccelerationFactor":0.68988037109375,"airAcceleration":1.5952564477920533,"maxGroundSpeed":8.578344345092774,"maxAirSpeed":2.3123667240142824,"totalJumpForce":16.650466918945314,"jumpRatio":0.5505176186561585,"groundJumpForce":9.166375160217286,"airJumpForce":7.484091758728027,"mass":0.9388757944107056,"drag":4.759171009063721,"widthScalar":0.7472788095474243,"heightScalar":0.7659233212471008,"gravityScalar":1.2422049045562745,"hitstunDamageScalar":0.26534557342529299,"spriteIndex":77}