{"playerName":"Player 1","jumpKey":0,"leftKey":0,"rightKey":0,"attackKey":0,"stocks":3,"groundAccelerationFactor":0.3862723410129547,"groundAcceleration":1.0331411361694337,"airAccelerationFactor":0.9215481877326965,"airAcceleration":4.387641429901123,"maxGroundSpeed":2.6746444702148439,"maxAirSpeed":4.761163234710693,"totalJumpForce":5.270380020141602,"jumpRatio":0.587005615234375,"groundJumpForce":3.093742609024048,"airJumpForce":2.1766374111175539,"mass":1.2705750465393067,"drag":1.9495829343795777,"widthScalar":1.3142192363739014,"heightScalar":1.3139488697052003,"gravityScalar":1.0042588710784913,"hitstunDamageScalar":0.20644277334213258,"spriteIndex":22}