{"moveDist":1.1175642013549805,"moveAngle":3.319847583770752,"moveLocX":-1.0998560190200806,"moveLocY":-0.19815801084041596,"widthScalar":1.3823281526565552,"heightScalar":0.6403019428253174,"warmUpDuration":0.34840261936187746,"executionDuration":0.39043256640434267,"coolDownDuration":0.4188659191131592,"damageFactor":6.799070358276367,"damageGiven":12.871291160583496,"knockbackScalar":10.317638397216797,"knockbackModX":0.11125731468200684,"knockbackModY":0.6721531748771668,"hitstunDuration":0.07134488970041275,"spriteIndex":45}