{"moveDist":0.9107027649879456,"moveAngle":5.211283206939697,"moveLocX":0.43573012948036196,"moveLocY":-0.7996991276741028,"widthScalar":1.3736599683761597,"heightScalar":1.3330903053283692,"warmUpDuration":0.5799515843391419,"executionDuration":0.28384485840797427,"coolDownDuration":0.4357128441333771,"damageFactor":6.154709339141846,"damageGiven":12.998102188110352,"knockbackScalar":1.7546941041946412,"knockbackModX":-0.3598088324069977,"knockbackModY":0.517662525177002,"hitstunDuration":0.5351691842079163,"spriteIndex":248}