{"playerName":"Player 1","jumpKey":0,"leftKey":0,"rightKey":0,"attackKey":0,"stocks":3,"groundAccelerationFactor":0.5155412554740906,"groundAcceleration":4.308408737182617,"airAccelerationFactor":0.9992626309394836,"airAcceleration":4.681563854217529,"maxGroundSpeed":8.357059478759766,"maxAirSpeed":4.685018539428711,"totalJumpForce":0.0,"jumpRatio":0.0,"groundJumpForce":9.139704704284668,"airJumpForce":6.7658281326293949,"mass":0.5459638237953186,"drag":5.103678226470947,"widthScalar":0.9176663160324097,"heightScalar":0.8327836990356445,"gravityScalar":1.1842262744903565,"hitstunDamageScalar":0.27043983340263369,"spriteIndex":74}