{"gameID":8,"generationNum":1,"totalDamageP1":10.517298698425293,"totalRecoveryStateTransitionP1":2498.0,"totalHitsReceivedP1":1.0,"remainingStocksP1":0.0,"totalDamageP2":18.335630416870118,"totalRecoveryStateTransitionP2":1472.0,"totalHitsReceivedP2":2.0,"remainingStocksP2":0.0,"totalGameLength":21.870849609375,"fitness":-15.025690078735352,"loser":"Player 2","round":2}