{"moveDist":1.1175642013549805,"moveAngle":3.5350255966186525,"moveLocX":-1.0321805477142335,"moveLocY":-0.4284309148788452,"widthScalar":1.309944748878479,"heightScalar":0.8497896194458008,"warmUpDuration":0.32857537269592287,"executionDuration":0.39702925086021426,"coolDownDuration":0.5488772988319397,"damageFactor":7.90187406539917,"damageGiven":15.070796012878418,"knockbackScalar":10.495064735412598,"knockbackModX":0.8847959637641907,"knockbackModY":0.04829573631286621,"hitstunDuration":0.4382508397102356,"spriteIndex":104}