{"playerName":"Player 2","jumpKey":0,"leftKey":0,"rightKey":0,"attackKey":0,"stocks":3,"groundAccelerationFactor":0.7077212333679199,"groundAcceleration":4.6723222732543949,"airAccelerationFactor":0.5368444919586182,"airAcceleration":3.3095057010650636,"maxGroundSpeed":6.601924896240234,"maxAirSpeed":6.164738178253174,"totalJumpForce":0.0,"jumpRatio":0.0,"groundJumpForce":5.539237022399902,"airJumpForce":10.376185417175293,"mass":0.6740694642066956,"drag":5.463452339172363,"widthScalar":1.0226867198944092,"heightScalar":0.8638896942138672,"gravityScalar":0.6527295708656311,"hitstunDamageScalar":0.2421184480190277,"spriteIndex":10}