{"moveDist":1.1175642013549805,"moveAngle":3.319847583770752,"moveLocX":-1.0998560190200806,"moveLocY":-0.19815801084041596,"widthScalar":1.3823281526565552,"heightScalar":1.2371124029159547,"warmUpDuration":0.1279052197933197,"executionDuration":0.3622839152812958,"coolDownDuration":0.277495801448822,"damageFactor":2.997776985168457,"damageGiven":7.3013482093811039,"knockbackScalar":7.486529350280762,"knockbackModX":0.5966625213623047,"knockbackModY":-0.7071032524108887,"hitstunDuration":0.11513945460319519,"spriteIndex":42}