{"moveDist":0.9107027649879456,"moveAngle":5.211283206939697,"moveLocX":0.43573012948036196,"moveLocY":-0.7996991276741028,"widthScalar":1.3736599683761597,"heightScalar":1.0787818431854249,"warmUpDuration":0.22994458675384522,"executionDuration":0.3095139265060425,"coolDownDuration":0.3125306963920593,"damageFactor":7.938138961791992,"damageGiven":11.763208389282227,"knockbackScalar":4.276941776275635,"knockbackModX":0.6536477208137512,"knockbackModY":0.12158918380737305,"hitstunDuration":0.837178647518158,"spriteIndex":156}