{"playerName":"Player 2","jumpKey":0,"leftKey":0,"rightKey":0,"attackKey":0,"stocks":3,"groundAccelerationFactor":0.7776736617088318,"groundAcceleration":7.017822265625,"airAccelerationFactor":0.5368444919586182,"airAcceleration":1.8780328035354615,"maxGroundSpeed":9.02412223815918,"maxAirSpeed":3.4982807636260988,"totalJumpForce":0.0,"jumpRatio":0.0,"groundJumpForce":12.91616439819336,"airJumpForce":10.836252212524414,"mass":1.9300296306610108,"drag":5.808606147766113,"widthScalar":0.9590671062469482,"heightScalar":0.9554247856140137,"gravityScalar":0.8077523112297058,"hitstunDamageScalar":0.17599508166313172,"spriteIndex":13}