{"playerName":"Player 1","jumpKey":0,"leftKey":0,"rightKey":0,"attackKey":0,"stocks":3,"groundAccelerationFactor":0.5155412554740906,"groundAcceleration":4.308408737182617,"airAccelerationFactor":0.6413230895996094,"airAcceleration":3.004610538482666,"maxGroundSpeed":8.357059478759766,"maxAirSpeed":4.685018539428711,"totalJumpForce":0.0,"jumpRatio":0.0,"groundJumpForce":14.672158241271973,"airJumpForce":6.7658281326293949,"mass":1.8603044748306275,"drag":2.7409181594848635,"widthScalar":1.435651421546936,"heightScalar":0.8864759802818298,"gravityScalar":0.35573509335517886,"hitstunDamageScalar":0.12991678714752198,"spriteIndex":56}