{"moveDist":1.3518370389938355,"moveAngle":4.704416751861572,"moveLocX":-0.010777040384709835,"moveLocY":-1.3517941236495972,"widthScalar":1.3269857168197632,"heightScalar":1.112189769744873,"warmUpDuration":0.4470166862010956,"executionDuration":0.29454487562179568,"coolDownDuration":0.18290072679519654,"damageFactor":8.478195190429688,"damageGiven":12.83777141571045,"knockbackScalar":13.990859985351563,"knockbackModX":0.11125731468200684,"knockbackModY":0.32805073261260989,"hitstunDuration":0.33650025725364687,"spriteIndex":184}