{"moveDist":1.4640436172485352,"moveAngle":5.7938923835754398,"moveLocX":1.2922606468200684,"moveLocY":-0.6881033182144165,"widthScalar":0.7927051782608032,"heightScalar":1.1296539306640626,"warmUpDuration":0.3183539807796478,"executionDuration":0.19234055280685426,"coolDownDuration":0.271595299243927,"damageFactor":8.780168533325196,"damageGiven":11.868636131286621,"knockbackScalar":12.442212104797364,"knockbackModX":-0.02617839351296425,"knockbackModY":0.04874551296234131,"hitstunDuration":0.17367804050445558,"spriteIndex":201}