{"playerName":"Player 1","jumpKey":0,"leftKey":0,"rightKey":0,"attackKey":0,"stocks":3,"groundAccelerationFactor":0.3360690772533417,"groundAcceleration":3.085076332092285,"airAccelerationFactor":0.748929500579834,"airAcceleration":4.504271030426025,"maxGroundSpeed":9.179887771606446,"maxAirSpeed":6.014278888702393,"totalJumpForce":0.0,"jumpRatio":0.0,"groundJumpForce":12.41595458984375,"airJumpForce":10.75863265991211,"mass":0.7890431880950928,"drag":2.110934019088745,"widthScalar":0.9370086193084717,"heightScalar":1.2903692722320557,"gravityScalar":0.3731939494609833,"hitstunDamageScalar":0.13267461955547334,"spriteIndex":35}