{"playerName":"Player 2","jumpKey":0,"leftKey":0,"rightKey":0,"attackKey":0,"stocks":3,"groundAccelerationFactor":0.8424027562141419,"groundAcceleration":4.945743560791016,"airAccelerationFactor":0.5494697690010071,"airAcceleration":1.457282304763794,"maxGroundSpeed":5.870996475219727,"maxAirSpeed":2.652161121368408,"totalJumpForce":0.0,"jumpRatio":0.0,"groundJumpForce":6.0945563316345219,"airJumpForce":6.706669330596924,"mass":2.1489737033843996,"drag":3.803401470184326,"widthScalar":1.2480072975158692,"heightScalar":1.0369620323181153,"gravityScalar":0.730908215045929,"hitstunDamageScalar":0.17355628311634065,"spriteIndex":62}