{"gameID":4,"generationNum":1,"totalDamageP1":26.96347427368164,"totalRecoveryStateTransitionP1":1094.0,"totalHitsReceivedP1":3.0,"remainingStocksP1":0.0,"totalDamageP2":56.30217742919922,"totalRecoveryStateTransitionP2":793.0,"totalHitsReceivedP2":5.0,"remainingStocksP2":0.0,"totalGameLength":17.381629943847658,"fitness":-11.225675582885743,"loser":"Player 1","round":0}