{"moveDist":1.488661766052246,"moveAngle":0.016220955178141595,"moveLocX":1.4884659051895142,"moveLocY":0.02414645627140999,"widthScalar":0.952409565448761,"heightScalar":1.417076587677002,"warmUpDuration":0.2597306966781616,"executionDuration":0.28638893365859988,"coolDownDuration":0.1759014129638672,"damageFactor":8.670710563659668,"damageGiven":11.260435104370118,"knockbackScalar":5.11380672454834,"knockbackModX":0.3731738030910492,"knockbackModY":-0.38251793384552,"hitstunDuration":0.393642395734787,"spriteIndex":94}