{"moveDist":1.3997483253479005,"moveAngle":2.424830675125122,"moveLocX":-1.0553219318389893,"moveLocY":0.9195602536201477,"widthScalar":1.3017957210540772,"heightScalar":0.9182921648025513,"warmUpDuration":0.2329500913619995,"executionDuration":0.12377269566059113,"coolDownDuration":0.28266066312789919,"damageFactor":6.2369842529296879,"damageGiven":8.987824440002442,"knockbackScalar":11.90981674194336,"knockbackModX":0.12218444049358368,"knockbackModY":0.10785520076751709,"hitstunDuration":0.11467812955379486,"spriteIndex":96}