{"playerName":"Player 1","jumpKey":0,"leftKey":0,"rightKey":0,"attackKey":0,"stocks":3,"groundAccelerationFactor":0.7472087740898132,"groundAcceleration":6.958891868591309,"airAccelerationFactor":0.8079768419265747,"airAcceleration":2.2381818294525148,"maxGroundSpeed":9.313182830810547,"maxAirSpeed":2.770106315612793,"totalJumpForce":0.0,"jumpRatio":0.0,"groundJumpForce":8.459117889404297,"airJumpForce":7.931669235229492,"mass":0.5184661149978638,"drag":1.333256721496582,"widthScalar":1.2020888328552247,"heightScalar":1.0489256381988526,"gravityScalar":0.4153626263141632,"hitstunDamageScalar":0.1756090521812439,"spriteIndex":9}