{"playerName":"Player 2","jumpKey":0,"leftKey":0,"rightKey":0,"attackKey":0,"stocks":3,"groundAccelerationFactor":0.24568720161914826,"groundAcceleration":2.40816593170166,"airAccelerationFactor":0.0210183747112751,"airAcceleration":0.12763552367687226,"maxGroundSpeed":9.801755905151368,"maxAirSpeed":6.072568416595459,"totalJumpForce":0.0,"jumpRatio":0.0,"groundJumpForce":4.155043125152588,"airJumpForce":1.8670872449874879,"mass":1.491958498954773,"drag":1.0634574890136719,"widthScalar":1.0990393161773682,"heightScalar":0.8378378748893738,"gravityScalar":0.9770140647888184,"hitstunDamageScalar":0.23004379868507386,"spriteIndex":59}