{"gameID":4,"generationNum":0,"totalDamageP1":116.22737884521485,"totalRecoveryStateTransitionP1":0.0,"totalHitsReceivedP1":21.0,"totalDamageP2":10.44579029083252,"totalRecoveryStateTransitionP2":0.0,"totalHitsReceivedP2":1.0,"totalGameLength":30.66851806640625,"fitness":9.757676124572754}