{"gameID":4,"generationNum":1,"totalDamageP1":102.30128479003906,"totalRecoveryStateTransitionP1":0.0,"totalHitsReceivedP1":11.0,"remainingStocksP1":0.0,"totalDamageP2":268.4054260253906,"totalRecoveryStateTransitionP2":0.0,"totalHitsReceivedP2":28.0,"remainingStocksP2":0.0,"totalGameLength":48.69728088378906,"fitness":58.762977600097659,"loser":"Player 2"}