{"moveDist":1.0489492416381837,"moveAngle":4.505565166473389,"moveLocX":-0.21540428698062898,"moveLocY":-1.0265940427780152,"widthScalar":0.9936385750770569,"heightScalar":0.6771039366722107,"warmUpDuration":0.5904672741889954,"executionDuration":0.12358643114566803,"coolDownDuration":0.5551512241363525,"damageFactor":5.241879463195801,"damageGiven":11.653018951416016,"knockbackScalar":14.78222942352295,"knockbackModX":-0.2496587485074997,"knockbackModY":0.7291381359100342,"hitstunDuration":0.13493794202804566,"spriteIndex":16}