{"moveDist":1.1693410873413087,"moveAngle":1.5855283737182618,"moveLocX":-0.017226165160536767,"moveLocY":1.169214129447937,"widthScalar":0.8718757033348084,"heightScalar":0.7620012760162354,"warmUpDuration":0.17601008713245393,"executionDuration":0.30897843837738039,"coolDownDuration":0.1101461872458458,"damageFactor":9.150516510009766,"damageGiven":10.44579029083252,"knockbackScalar":7.824570178985596,"knockbackModX":-0.4557623565196991,"knockbackModY":0.16095542907714845,"hitstunDuration":0.6810165643692017,"spriteIndex":57}