{"moveDist":1.3913273811340333,"moveAngle":4.860032558441162,"moveLocX":0.20467506349086762,"moveLocY":-1.376190423965454,"widthScalar":0.7255263328552246,"heightScalar":1.319108009338379,"warmUpDuration":0.44143301248550417,"executionDuration":0.11385218799114227,"coolDownDuration":0.36038699746131899,"damageFactor":7.773612976074219,"damageGiven":12.118081092834473,"knockbackScalar":3.4818310737609865,"knockbackModX":-0.4437623620033264,"knockbackModY":-0.752457857131958,"hitstunDuration":0.4742887318134308,"spriteIndex":83}