{"moveDist":1.3647387027740479,"moveAngle":0.18906989693641663,"moveLocX":1.3404183387756348,"moveLocY":0.2564964294433594,"widthScalar":1.1303263902664185,"heightScalar":1.1916717290878297,"warmUpDuration":0.11453915387392044,"executionDuration":0.3406037986278534,"coolDownDuration":0.25461751222610476,"damageFactor":0.7532632946968079,"damageGiven":5.534636497497559,"knockbackScalar":5.752217769622803,"knockbackModX":0.4939432442188263,"knockbackModY":-0.3490888476371765,"hitstunDuration":0.04459632560610771,"spriteIndex":134}