{"moveDist":1.1565519571304322,"moveAngle":4.407802104949951,"moveLocX":-0.34684890508651736,"moveLocY":-1.1033169031143189,"widthScalar":0.5209305882453919,"heightScalar":0.9028422832489014,"warmUpDuration":0.275162935256958,"executionDuration":0.2864762544631958,"coolDownDuration":0.20987989008426667,"damageFactor":3.5484466552734377,"damageGiven":7.737694263458252,"knockbackScalar":10.099613189697266,"knockbackModX":0.4660707712173462,"knockbackModY":-0.8813327550888062,"hitstunDuration":0.17293353378772736,"spriteIndex":69}