{"moveDist":1.476212739944458,"moveAngle":6.077188491821289,"moveLocX":1.4450020790100098,"moveLocY":-0.3019489645957947,"widthScalar":1.0137604475021363,"heightScalar":1.230125904083252,"warmUpDuration":0.27216267585754397,"executionDuration":0.15495654940605164,"coolDownDuration":0.444153368473053,"damageFactor":5.167208194732666,"damageGiven":9.502046585083008,"knockbackScalar":12.154870986938477,"knockbackModX":-0.024262554943561555,"knockbackModY":0.0001097437780117616,"hitstunDuration":0.044495608657598498,"spriteIndex":263}