{"playerName":"Player 2","jumpKey":0,"leftKey":0,"rightKey":0,"attackKey":0,"stocks":3,"groundAccelerationFactor":0.8760532140731812,"groundAcceleration":4.5082573890686039,"airAccelerationFactor":0.9535508155822754,"airAcceleration":7.654539108276367,"maxGroundSpeed":5.146100044250488,"maxAirSpeed":8.027405738830567,"totalJumpForce":6.487275123596191,"jumpRatio":0.37221741676330569,"groundJumpForce":2.4146769046783449,"airJumpForce":4.072598457336426,"mass":2.043264627456665,"drag":3.306128978729248,"widthScalar":0.7397283911705017,"heightScalar":1.1359678506851197,"gravityScalar":0.6136802434921265,"hitstunDamageScalar":0.15023450553417207,"spriteIndex":64}