{"playerName":"Player 1","jumpKey":0,"leftKey":0,"rightKey":0,"attackKey":0,"stocks":3,"groundAccelerationFactor":0.875655472278595,"groundAcceleration":8.071635246276856,"airAccelerationFactor":0.8214200735092163,"airAcceleration":4.341519355773926,"maxGroundSpeed":9.21782112121582,"maxAirSpeed":5.2853827476501469,"totalJumpForce":11.474079132080079,"jumpRatio":0.3947516083717346,"groundJumpForce":4.529411315917969,"airJumpForce":6.944667816162109,"mass":1.1146308183670045,"drag":3.70265793800354,"widthScalar":1.248976469039917,"heightScalar":1.0478036403656006,"gravityScalar":1.2412351369857789,"hitstunDamageScalar":0.24760282039642335,"spriteIndex":68}