{"playerName":"Player 2","jumpKey":0,"leftKey":0,"rightKey":0,"attackKey":0,"stocks":3,"groundAccelerationFactor":0.2790786623954773,"groundAcceleration":1.5027825832366944,"airAccelerationFactor":0.8084414601325989,"airAcceleration":2.200026035308838,"maxGroundSpeed":5.384799480438232,"maxAirSpeed":2.7213175296783449,"totalJumpForce":11.913694381713868,"jumpRatio":0.6451020240783691,"groundJumpForce":7.685548305511475,"airJumpForce":4.228146076202393,"mass":1.9750933647155762,"drag":3.3128674030303957,"widthScalar":0.8629500865936279,"heightScalar":1.3253265619277955,"gravityScalar":0.5626544952392578,"hitstunDamageScalar":0.121461883187294,"spriteIndex":17}