{"playerName":"Player 1","jumpKey":0,"leftKey":0,"rightKey":0,"attackKey":0,"stocks":3,"groundAccelerationFactor":0.37683457136154177,"groundAcceleration":0.8405084609985352,"airAccelerationFactor":0.10968619585037232,"airAcceleration":0.5337604284286499,"maxGroundSpeed":2.2304441928863527,"maxAirSpeed":4.866250038146973,"totalJumpForce":8.04747486114502,"jumpRatio":0.732610821723938,"groundJumpForce":5.89566707611084,"airJumpForce":2.1518077850341799,"mass":2.1093435287475588,"drag":5.64227294921875,"widthScalar":1.3431915044784547,"heightScalar":1.3570095300674439,"gravityScalar":0.5124748945236206,"hitstunDamageScalar":0.28889912366867068,"spriteIndex":7}