{"playerName":"Player 1","jumpKey":0,"leftKey":0,"rightKey":0,"attackKey":0,"stocks":3,"groundAccelerationFactor":0.75580894947052,"groundAcceleration":6.833314895629883,"airAccelerationFactor":0.382576048374176,"airAcceleration":3.7747249603271486,"maxGroundSpeed":9.041061401367188,"maxAirSpeed":9.866600036621094,"totalJumpForce":16.846805572509767,"jumpRatio":0.7798148989677429,"groundJumpForce":13.13739013671875,"airJumpForce":3.7094156742095949,"mass":1.3291261196136475,"drag":2.9163098335266115,"widthScalar":0.9478344917297363,"heightScalar":1.375216007232666,"gravityScalar":0.7651842832565308,"hitstunDamageScalar":0.17689773440361024,"spriteIndex":30}